Year,Date,Time,Round,Stadium,City,Country,HomeTeam,HomeGoals,AwayGoals,AwayTeam,Observation,home_team_goals,away_team_goals,total_goals_per_country,unique_countries,final_country_name,final_times_reached,knockouts_Country,knockouts_count_per_country,wining_Team,Win_Count
1930,13-Jul-30, 15:00 ,Group 1,Pocitos,Montevideo ,Uruguay,France,4,1,Mexico, ,68,36,225.0,Brazil,Argentina,6.0,Brazil,38.0,Tie,190.0
1930,13-Jul-30, 15:00 ,Group 4,Parque Central,Montevideo ,Uruguay,USA,3,0,Belgium, ,19,27,133.0,Argentina,Brazil,6.0,Argentina,27.0,Brazil,71.0
1930,14-Jul-30, 12:45 ,Group 2,Parque Central,Montevideo ,Uruguay,Yugoslavia,2,1,Brazil, ,42,45,131.0,Germany FR,Germany FR,6.0,Italy,27.0,Italy,45.0
1930,14-Jul-30, 14:50 ,Group 3,Pocitos,Montevideo ,Uruguay,Romania,3,1,Peru, ,15,6,128.0,Italy,Italy,6.0,Germany,24.0,Argentina,44.0
1930,15-Jul-30, 16:00 ,Group 1,Parque Central,Montevideo ,Uruguay,Argentina,1,0,France, ,111,40,108.0,France,Germany,3.0,Germany FR,22.0,Germany FR,36.0
1930,16-Jul-30, 14:45 ,Group 1,Parque Central,Montevideo ,Uruguay,Chile,3,0,Mexico, ,25,36,104.0,Germany,Netherlands,3.0,Netherlands,19.0,Germany,34.0
1930,17-Jul-30, 12:45 ,Group 2,Parque Central,Montevideo ,Uruguay,Yugoslavia,4,0,Bolivia, ,42,0,92.0,Spain,Czechoslovakia,2.0,France,19.0,France,29.0
1930,17-Jul-30, 14:45 ,Group 4,Parque Central,Montevideo ,Uruguay,USA,3,0,Paraguay, ,19,16,91.0,Netherlands,France,2.0,England,17.0,Spain,29.0
1930,18-Jul-30, 14:30 ,Group 3,Estadio Centenario,Montevideo ,Uruguay,Uruguay,1,0,Peru, ,62,6,87.0,Hungary,Hungary,2.0,Uruguay,14.0,Netherlands,29.0
1930,19-Jul-30, 12:50 ,Group 1,Estadio Centenario,Montevideo ,Uruguay,Chile,1,0,France, ,25,40,80.0,Uruguay,England,1.0,Spain,14.0,England,26.0
1930,19-Jul-30, 15:00 ,Group 1,Estadio Centenario,Montevideo ,Uruguay,Argentina,6,3,Mexico, ,111,36,79.0,England,Spain,1.0,Sweden,11.0,Uruguay,20.0
1930,20-Jul-30, 13:00 ,Group 2,Estadio Centenario,Montevideo ,Uruguay,Brazil,4,0,Bolivia, ,180,0,74.0,Sweden,Sweden,1.0,Mexico,10.0,Sweden,16.0
1930,20-Jul-30, 15:00 ,Group 4,Estadio Centenario,Montevideo ,Uruguay,Paraguay,1,0,Belgium, ,14,27,60.0,Yugoslavia,Uruguay,1.0,Czechoslovakia,10.0,Yugoslavia,16.0
1930,21-Jul-30, 14:50 ,Group 3,Estadio Centenario,Montevideo ,Uruguay,Uruguay,4,0,Romania, ,62,15,58.0,Mexico,,,Belgium,10.0,Hungary,15.0
1930,22-Jul-30, 14:45 ,Group 1,Estadio Centenario,Montevideo ,Uruguay,Argentina,3,1,Chile, ,111,16,54.0,Belgium,,,Hungary,9.0,Belgium,15.0
1930,26-Jul-30, 14:45 ,Semi-finals,Estadio Centenario,Montevideo ,Uruguay,Argentina,6,1,USA, ,111,19,53.0,Soviet Union,,,Yugoslavia,8.0,Soviet Union,15.0
1930,27-Jul-30, 14:45 ,Semi-finals,Estadio Centenario,Montevideo ,Uruguay,Uruguay,6,1,Yugoslavia, ,62,18,45.0,Switzerland,,,Switzerland,7.0,Poland,15.0
1930,30-Jul-30, 14:15 ,Final,Estadio Centenario,Montevideo ,Uruguay,Uruguay,4,2,Argentina, ,62,22,44.0,Poland,,,USA,7.0,Mexico,14.0
1934,27-May-34, 16:30 ,Preliminary round,Stadio Benito Mussolini,Turin ,Italy,Austria,3,2,France,Austria win after extra time ,31,40,44.0,Czechoslovakia,,,Soviet Union,6.0,Portugal,13.0
1934,27-May-34, 16:30 ,Preliminary round,Giorgio Ascarelli,Naples ,Italy,Hungary,4,2,Egypt, ,73,3,43.0,Portugal,,,Chile,6.0,Austria,12.0
1934,27-May-34, 16:30 ,Preliminary round,San Siro,Milan ,Italy,Switzerland,3,2,Netherlands, ,22,40,43.0,Austria,,,Portugal,6.0,Czechoslovakia,11.0
1934,27-May-34, 16:30 ,Preliminary round,Littorale,Bologna ,Italy,Sweden,3,2,Argentina, ,53,22,41.0,Chile,,,Costa Rica,5.0,Chile,11.0
1934,27-May-34, 16:30 ,Preliminary round,Giovanni Berta,Florence ,Italy,Germany,5,2,Belgium, ,69,27,38.0,USA,,,Colombia,5.0,Switzerland,11.0
1934,27-May-34, 16:30 ,Preliminary round,Luigi Ferraris,Genoa ,Italy,Spain,3,1,Brazil, ,50,45,31.0,Korea Republic,,,Paraguay,5.0,Romania,8.0
1934,27-May-34, 16:30 ,Preliminary round,Nazionale PNF,Rome ,Italy,Italy,7,1,USA, ,99,19,30.0,Paraguay,,,Romania,4.0,Denmark,8.0
1934,27-May-34, 16:30 ,Preliminary round,Littorio,Trieste ,Italy,Czechoslovakia,2,1,Romania, ,27,15,30.0,Romania,,,Republic of Ireland,4.0,Colombia,8.0
1934,31-May-34, 16:30 ,Quarter-finals,Stadio Benito Mussolini,Turin ,Italy,Czechoslovakia,3,2,Switzerland, ,27,23,29.0,Colombia,,,Nigeria,4.0,USA,8.0
1934,31-May-34, 16:30 ,Quarter-finals,San Siro,Milan ,Italy,Germany,2,1,Sweden, ,69,21,27.0,Denmark,,,Korea Republic,4.0,Croatia,7.0
1934,31-May-34, 16:30 ,Quarter-finals,Giovanni Berta,Florence ,Italy,Italy,1,1,Spain, ,99,42,25.0,Scotland,,,Denmark,4.0,Paraguay,7.0
1934,31-May-34, 16:30 ,Quarter-finals,Littorale,Bologna ,Italy,Austria,2,1,Hungary, ,31,14,22.0,Bulgaria,,,Austria,4.0,Turkey,5.0
1934,01-Jun-34, 16:30 ,Quarter-finals,Giovanni Berta,Florence ,Italy,Italy,1,0,Spain, ,99,42,21.0,Croatia,,,Bulgaria,4.0,Korea Republic,5.0
1934,03-Jun-34, 16:30 ,Semi-finals,San Siro,Milan ,Italy,Italy,1,0,Austria, ,99,12,20.0,Turkey,,,Turkey,3.0,Nigeria,5.0
1934,03-Jun-34, 16:30 ,Semi-finals,Nazionale PNF,Rome ,Italy,Czechoslovakia,3,1,Germany, ,27,35,20.0,Nigeria,,,Croatia,3.0,Costa Rica,5.0
1934,07-Jun-34, 18:00 ,Match for third place,Giorgio Ascarelli,Naples ,Italy,Germany,3,2,Austria, ,69,12,19.0,Peru,,,Ghana,3.0,Cameroon,4.0
1934,10-Jun-34, 17:30 ,Final,Nazionale PNF,Rome ,Italy,Italy,2,1,Czechoslovakia,Italy win after extra time ,99,17,18.0,Costa Rica,,,Senegal,2.0,Japan,4.0
1938,04-Jun-38, 17:00 ,First round,Parc des Princes,Paris ,France,Switzerland,1,1,Germany, ,22,35,18.0,Cameroon,,,Ukraine,2.0,Ecuador,4.0
1938,05-Jun-38, 17:00 ,First round,Velodrome Municipale,Reims ,France,Hungary,6,0,Dutch East Indies, ,73,0,14.0,Japan,,,Cameroon,2.0,Peru,4.0
1938,05-Jun-38, 17:00 ,First round,Stade Olympique,Colombes ,France,France,3,1,Belgium, ,68,27,14.0,Algeria,,,Algeria,2.0,Scotland,4.0
1938,05-Jun-38, 17:00 ,First round,Stade Municipal,Toulouse ,France,Cuba,3,3,Romania, ,5,15,13.0,Cï¿½te d'Ivoire,,,Poland,2.0,Ghana,4.0
1938,05-Jun-38, 17:00 ,First round,Stade Vï¿½lodrome,Marseilles ,France,Italy,2,1,Norway,Italy win after extra time ,99,6,13.0,Northern Ireland,,,Greece,2.0,Algeria,3.0
1938,05-Jun-38, 17:30 ,First round,Stade de la Meinau,Strasbourg ,France,Brazil,6,5,Poland,Brazil win after extra time ,180,17,13.0,Russia,,,Japan,2.0,Northern Ireland,3.0
1938,05-Jun-38, 18:30 ,First round,Cavee Verte,Le Havre ,France,Czechoslovakia,3,0,Netherlands,Czechoslovakia win after extra time ,27,40,13.0,Ghana,,,Ecuador,1.0,Cï¿½te d'Ivoire,3.0
1938,09-Jun-38, 18:00 ,First round,Stade Municipal,Toulouse ,France,Cuba,2,1,Romania, ,5,15,12.0,Morocco,,,Saudi Arabia,1.0,Bulgaria,3.0
1938,09-Jun-38, 18:00 ,First round,Parc des Princes,Paris ,France,Switzerland,4,2,Germany, ,22,35,11.0,South Africa,,,Korea DPR,1.0,Greece,2.0
1938,12-Jun-38, 17:00 ,Quarter-finals,Stade du Parc Lescure,Bordeaux ,France,Brazil,1,1,Czechoslovakia, ,180,17,11.0,Australia,,,Slovakia,1.0,Ukraine,2.0
1938,12-Jun-38, 17:00 ,Quarter-finals,Victor Boucquey,Lille ,France,Hungary,2,0,Switzerland, ,73,23,10.0,Ecuador,,,Cuba,1.0,Australia,2.0
1938,12-Jun-38, 17:00 ,Quarter-finals,Fort Carree,Antibes ,France,Sweden,8,0,Cuba, ,53,0,10.0,Republic of Ireland,,,Peru,1.0,South Africa,2.0
1938,12-Jun-38, 17:00 ,Quarter-finals,Stade Olympique,Colombes ,France,Italy,3,1,France, ,99,40,9.0,Saudi Arabia,,,Norway,1.0,Senegal,2.0
1938,14-Jun-38, 18:00 ,Quarter-finals,Stade du Parc Lescure,Bordeaux ,France,Brazil,2,1,Czechoslovakia, ,180,17,8.0,Tunisia,,,Northern Ireland,1.0,Morocco,2.0
1938,16-Jun-38, 18:00 ,Semi-finals,Parc des Princes,Paris ,France,Hungary,5,1,Sweden, ,73,21,7.0,Senegal,,,Australia,1.0,Russia,2.0
1938,16-Jun-38, 18:00 ,Semi-finals,Stade Vï¿½lodrome,Marseilles ,France,Italy,2,1,Brazil, ,99,45,7.0,Norway,,,Wales,1.0,Saudi Arabia,2.0
1938,19-Jun-38, 17:00 ,Match for third place,Stade du Parc Lescure,Bordeaux ,France,Brazil,4,2,Sweden, ,180,21,6.0,Korea DPR,,,Morocco,1.0,Norway,2.0
1938,19-Jun-38, 17:00 ,Final,Stade Olympique,Colombes ,France,Italy,4,2,Hungary, ,99,14,6.0,Greece,,,,,Republic of Ireland,2.0
1950,24-Jun-50, 15:00 ,Group 1,Maracanï¿½ - Estï¿½dio Jornalista Mï¿½rio Filho,Rio De Janeiro ,Brazil,Brazil,4,0,Mexico, ,180,36,5.0,Slovenia,,,,,German DR,2.0
1950,25-Jun-50, 15:00 ,Group 2,Maracanï¿½ - Estï¿½dio Jornalista Mï¿½rio Filho,Rio De Janeiro ,Brazil,England,2,0,Chile, ,54,16,5.0,Ukraine,,,,,Jamaica,1.0
1950,25-Jun-50, 15:00 ,Group 2,Durival de Brito,Curitiba ,Brazil,Spain,3,1,USA, ,50,19,5.0,Cuba,,,,,Iran,1.0
1950,25-Jun-50, 15:00 ,Group 3,Pacaembu,Sao Paulo ,Brazil,Sweden,3,2,Italy, ,53,29,5.0,Slovakia,,,,,Tunisia,1.0
1950,25-Jun-50, 15:00 ,Group 1,Independencia,Belo Horizonte ,Brazil,Yugoslavia,3,0,Switzerland, ,42,23,5.0,German DR,,,,,Czech Republic,1.0
1950,28-Jun-50, 15:00 ,Group 1,Pacaembu,Sao Paulo ,Brazil,Brazil,2,2,Switzerland, ,180,23,5.0,Iran,,,,,Korea DPR,1.0
1950,28-Jun-50, 15:00 ,Group 1,Eucaliptos,Porto Alegre ,Brazil,Yugoslavia,4,1,Mexico, ,42,36,4.0,Wales,,,,,Wales,1.0
1950,29-Jun-50, 15:00 ,Group 2,Maracanï¿½ - Estï¿½dio Jornalista Mï¿½rio Filho,Rio De Janeiro ,Brazil,Spain,2,0,Chile, ,50,16,4.0,Bosnia and Herzegovina,,,,,Slovenia,1.0
1950,29-Jun-50, 15:30 ,Group 3,Durival de Brito,Curitiba ,Brazil,Sweden,2,2,Paraguay, ,53,16,4.0,New Zealand,,,,,Cuba,1.0
1950,29-Jun-50, 15:00 ,Group 2,Independencia,Belo Horizonte ,Brazil,USA,1,0,England, ,19,25,3.0,Jamaica,,,,,Serbia,1.0
1950,01-Jul-50, 15:00 ,Group 1,Maracanï¿½ - Estï¿½dio Jornalista Mï¿½rio Filho,Rio De Janeiro ,Brazil,Brazil,2,0,Yugoslavia, ,180,18,3.0,Honduras,,,,,Slovakia,1.0
1950,02-Jul-50, 15:00 ,Group 2,Maracanï¿½ - Estï¿½dio Jornalista Mï¿½rio Filho,Rio De Janeiro ,Brazil,Spain,1,0,England, ,50,25,3.0,Egypt,,,,,Bosnia and Herzegovina,1.0
1950,02-Jul-50, 15:00 ,Group 3,Pacaembu,Sao Paulo ,Brazil,Italy,2,0,Paraguay, ,99,16,3.0,Czech Republic,,,,,,
1950,02-Jul-50, 15:00 ,Group 4,Independencia,Belo Horizonte ,Brazil,Uruguay,8,0,Bolivia, ,62,0,2.0,Serbia,,,,,,
1950,02-Jul-50, 15:40 ,Group 1,Eucaliptos,Porto Alegre ,Brazil,Switzerland,2,1,Mexico, ,22,36,2.0,Kuwait,,,,,,
1950,02-Jul-50, 15:00 ,Group 2,Ilha do Retiro,Recife ,Brazil,Chile,5,2,USA, ,25,19,2.0,IR Iran,,,,,,
1950,09-Jul-50, 15:00 ,Group 6,Pacaembu,Sao Paulo ,Brazil,Uruguay,2,2,Spain, ,62,42,2.0,Haiti,,,,,,
1950,09-Jul-50, 15:00 ,Group 6,Maracanï¿½ - Estï¿½dio Jornalista Mï¿½rio Filho,Rio De Janeiro ,Brazil,Brazil,7,1,Sweden, ,180,21,2.0,Serbia and Montenegro,,,,,,
1950,13-Jul-50, 15:00 ,Group 6,Maracanï¿½ - Estï¿½dio Jornalista Mï¿½rio Filho,Rio De Janeiro ,Brazil,Brazil,6,1,Spain, ,180,42,2.0,United Arab Emirates,,,,,,
1950,13-Jul-50, 15:00 ,Group 6,Pacaembu,Sao Paulo ,Brazil,Uruguay,3,2,Sweden, ,62,21,1.0,Angola,,,,,,
1950,16-Jul-50, 15:00 ,Group 6,Pacaembu,Sao Paulo ,Brazil,Sweden,3,1,Spain, ,53,42,1.0,Israel,,,,,,
1950,16-Jul-50, 15:00 ,Group 6,Maracanï¿½ - Estï¿½dio Jornalista Mï¿½rio Filho,Rio De Janeiro ,Brazil,Uruguay,2,1,Brazil, ,62,45,1.0,Iraq,,,,,,
1954,16-Jun-54, 18:00 ,Group 3,Wankdorf Stadium,Berne ,Switzerland,Uruguay,2,0,Czechoslovakia, ,62,17,1.0,Togo,,,,,,
1954,16-Jun-54, 18:00 ,Group 3,Hardturm,Zurich ,Switzerland,Austria,1,0,Scotland, ,31,14,1.0,El Salvador,,,,,,
1954,16-Jun-54, 18:00 ,Group 1,Charmilles,Geneva ,Switzerland,Brazil,5,0,Mexico, ,180,36,1.0,Bolivia,,,,,,
1954,16-Jun-54, 18:00 ,Group 1,La Pontaise,Lausanne ,Switzerland,Yugoslavia,1,0,France, ,42,40,0.0,Canada,,,,,,
1954,17-Jun-54, 18:00 ,Group 2,Wankdorf Stadium,Berne ,Switzerland,Germany FR,4,1,Turkey, ,99,10,0.0,Trinidad and Tobago,,,,,,
1954,17-Jun-54, 18:00 ,Group 2,Hardturm,Zurich ,Switzerland,Hungary,9,0,Korea Republic, ,73,13,0.0,China PR,,,,,,
1954,17-Jun-54, 18:10 ,Group 4,St. Jakob,Basel ,Switzerland,England,4,4,Belgium, ,54,27,0.0,Dutch East Indies,,,,,,
1954,17-Jun-54, 17:50 ,Group 4,La Pontaise,Lausanne ,Switzerland,Switzerland,2,1,Italy, ,22,29,0.0,Zaire,,,,,,
1954,19-Jun-54, 16:50 ,Group 3,St. Jakob,Basel ,Switzerland,Uruguay,7,0,Scotland, ,62,14,,,,,,,,
1954,19-Jun-54, 17:00 ,Group 3,Hardturm,Zurich ,Switzerland,Austria,5,0,Czechoslovakia, ,31,17,,,,,,,,
1954,19-Jun-54, 17:10 ,Group 1,Charmilles,Geneva ,Switzerland,France,3,2,Mexico, ,68,36,,,,,,,,
1954,19-Jun-54, 17:00 ,Group 1,La Pontaise,Lausanne ,Switzerland,Brazil,1,1,Yugoslavia, ,180,18,,,,,,,,
1954,20-Jun-54, 16:50 ,Group 2,St. Jakob,Basel ,Switzerland,Hungary,8,3,Germany FR, ,73,32,,,,,,,,
1954,20-Jun-54, 17:00 ,Group 2,Charmilles,Geneva ,Switzerland,Turkey,7,0,Korea Republic, ,10,13,,,,,,,,
1954,20-Jun-54, 17:10 ,Group 4,Wankdorf Stadium,Berne ,Switzerland,England,2,0,Switzerland, ,54,23,,,,,,,,
1954,20-Jun-54, 17:00 ,Group 4,Comunale di Cornaredo,Lugano ,Switzerland,Italy,4,1,Belgium, ,99,27,,,,,,,,
1954,23-Jun-54, 18:00 ,Group 2,Hardturm,Zurich ,Switzerland,Germany FR,7,2,Turkey, ,99,10,,,,,,,,
1954,23-Jun-54, 18:00 ,Group 4,St. Jakob,Basel ,Switzerland,Switzerland,4,1,Italy, ,22,29,,,,,,,,
1954,26-Jun-54, 17:00 ,Quarter-finals,St. Jakob,Basel ,Switzerland,Uruguay,4,2,England, ,62,25,,,,,,,,
1954,26-Jun-54, 17:00 ,Quarter-finals,La Pontaise,Lausanne ,Switzerland,Austria,7,5,Switzerland, ,31,23,,,,,,,,
1954,27-Jun-54, 17:00 ,Quarter-finals,Charmilles,Geneva ,Switzerland,Germany FR,2,0,Yugoslavia, ,99,18,,,,,,,,
1954,27-Jun-54, 17:00 ,Quarter-finals,Wankdorf Stadium,Berne ,Switzerland,Hungary,4,2,Brazil, ,73,45,,,,,,,,
1954,30-Jun-54, 18:00 ,Semi-finals,St. Jakob,Basel ,Switzerland,Germany FR,6,1,Austria, ,99,12,,,,,,,,
1954,30-Jun-54, 18:00 ,Semi-finals,La Pontaise,Lausanne ,Switzerland,Hungary,4,2,Uruguay,Hungary win after extra time ,73,18,,,,,,,,
1954,03-Jul-54, 17:00 ,Match for third place,Hardturm,Zurich ,Switzerland,Austria,3,1,Uruguay, ,31,18,,,,,,,,
1954,04-Jul-54, 17:00 ,Final,Wankdorf Stadium,Berne ,Switzerland,Germany FR,3,2,Hungary, ,99,14,,,,,,,,
1958,08-Jun-58, 14:00 ,Group 3,Rasunda Stadium,Solna ,Sweden,Sweden,3,0,Mexico, ,53,36,,,,,,,,
1958,08-Jun-58, 19:00 ,Group 4,Nya Ullevi,Gothenburg ,Sweden,Soviet Union,2,2,England, ,43,25,,,,,,,,
1958,08-Jun-58, 19:00 ,Group 1,Malmo Stadion,Malmï¿½ ,Sweden,Argentina,1,3,Germany FR, ,111,32,,,,,,,,
1958,08-Jun-58, 19:00 ,Group 3,Jarnvallen,Sandviken ,Sweden,Hungary,1,1,Wales, ,73,2,,,,,,,,
1958,08-Jun-58, 19:00 ,Group 2,Idrottsparken,Norrkï¿½Ping ,Sweden,France,7,3,Paraguay, ,68,16,,,,,,,,
1958,08-Jun-58, 19:00 ,Group 2,Arosvallen,Vasteras ,Sweden,Yugoslavia,1,1,Scotland, ,42,14,,,,,,,,
1958,08-Jun-58, 19:00 ,Group 4,Rimnersvallen,Udevalla ,Sweden,Brazil,3,0,Austria, ,180,12,,,,,,,,
1958,08-Jun-58, 19:00 ,Group 1,Orjans Vall,Halmstad ,Sweden,Northern Ireland,1,0,Czechoslovakia, ,5,17,,,,,,,,
1958,11-Jun-58, 19:00 ,Group 4,Nya Ullevi,Gothenburg ,Sweden,Brazil,0,0,England, ,180,25,,,,,,,,
1958,11-Jun-58, 19:00 ,Group 3,Rasunda Stadium,Solna ,Sweden,Mexico,1,1,Wales, ,22,2,,,,,,,,
1958,11-Jun-58, 19:00 ,Group 2,Idrottsparken,Norrkï¿½Ping ,Sweden,Paraguay,3,2,Scotland, ,14,14,,,,,,,,
1958,11-Jun-58, 19:00 ,Group 2,Arosvallen,Vasteras ,Sweden,Yugoslavia,3,2,France, ,42,40,,,,,,,,
1958,11-Jun-58, 19:00 ,Group 4,Ryavallen,Boras ,Sweden,Soviet Union,2,0,Austria, ,43,12,,,,,,,,
1958,11-Jun-58, 19:00 ,Group 1,Olympia Stadium,Helsingborg ,Sweden,Germany FR,2,2,Czechoslovakia, ,99,17,,,,,,,,
1958,11-Jun-58, 19:00 ,Group 1,Orjans Vall,Halmstad ,Sweden,Argentina,3,1,Northern Ireland, ,111,8,,,,,,,,
1958,12-Jun-58, 19:00 ,Group 3,Rasunda Stadium,Solna ,Sweden,Sweden,2,1,Hungary, ,53,14,,,,,,,,
1958,15-Jun-58, 14:00 ,Group 3,Rasunda Stadium,Solna ,Sweden,Sweden,0,0,Wales, ,53,2,,,,,,,,
1958,15-Jun-58, 19:00 ,Group 4,Nya Ullevi,Gothenburg ,Sweden,Brazil,2,0,Soviet Union, ,180,10,,,,,,,,
1958,15-Jun-58, 19:00 ,Group 1,Malmo Stadion,Malmï¿½ ,Sweden,Germany FR,2,2,Northern Ireland, ,99,8,,,,,,,,
1958,15-Jun-58, 19:00 ,Group 3,Jarnvallen,Sandviken ,Sweden,Hungary,4,0,Mexico, ,73,36,,,,,,,,
1958,15-Jun-58, 19:00 ,Group 2,Tunavallen,Eskilstuna ,Sweden,Paraguay,3,3,Yugoslavia, ,14,18,,,,,,,,
1958,15-Jun-58, 19:00 ,Group 2,Eyravallen,Orebro ,Sweden,France,2,1,Scotland, ,68,14,,,,,,,,
1958,15-Jun-58, 19:00 ,Group 4,Ryavallen,Boras ,Sweden,England,2,2,Austria, ,54,12,,,,,,,,
1958,15-Jun-58, 19:00 ,Group 1,Olympia Stadium,Helsingborg ,Sweden,Czechoslovakia,6,1,Argentina, ,27,22,,,,,,,,
1958,17-Jun-58, 19:00 ,Group 4,Nya Ullevi,Gothenburg ,Sweden,Soviet Union,1,0,England, ,43,25,,,,,,,,
1958,17-Jun-58, 19:00 ,Group 1,Malmo Stadion,Malmï¿½ ,Sweden,Northern Ireland,2,1,Czechoslovakia,Northern Ireland win after extra time ,5,17,,,,,,,,
1958,17-Jun-58, 19:00 ,Group 3,Rasunda Stadium,Solna ,Sweden,Wales,2,1,Hungary, ,2,14,,,,,,,,
1958,19-Jun-58, 19:00 ,Quarter-finals,Nya Ullevi,Gothenburg ,Sweden,Brazil,1,0,Wales, ,180,2,,,,,,,,
1958,19-Jun-58, 19:00 ,Quarter-finals,Malmo Stadion,Malmï¿½ ,Sweden,Germany FR,1,0,Yugoslavia, ,99,18,,,,,,,,
1958,19-Jun-58, 19:00 ,Quarter-finals,Rasunda Stadium,Solna ,Sweden,Sweden,2,0,Soviet Union, ,53,10,,,,,,,,
1958,19-Jun-58, 19:00 ,Quarter-finals,Idrottsparken,Norrkï¿½Ping ,Sweden,France,4,0,Northern Ireland, ,68,8,,,,,,,,
1958,24-Jun-58, 19:00 ,Semi-finals,Nya Ullevi,Gothenburg ,Sweden,Sweden,3,1,Germany FR, ,53,32,,,,,,,,
1958,24-Jun-58, 19:00 ,Semi-finals,Rasunda Stadium,Solna ,Sweden,Brazil,5,2,France, ,180,40,,,,,,,,
1958,28-Jun-58, 17:00 ,Match for third place,Nya Ullevi,Gothenburg ,Sweden,France,6,3,Germany FR, ,68,32,,,,,,,,
1958,29-Jun-58, 15:00 ,Final,Rasunda Stadium,Solna ,Sweden,Brazil,5,2,Sweden, ,180,21,,,,,,,,
1962,30-May-62, 15:00 ,Group 1,Carlos Dittborn,Arica ,Chile,Uruguay,2,1,Colombia, ,62,18,,,,,,,,
1962,30-May-62, 15:00 ,Group 3,Estadio Sausalito,Vina Del Mar ,Chile,Brazil,2,0,Mexico, ,180,36,,,,,,,,
1962,30-May-62, 15:00 ,Group 4,Estadio El Teniente-Codelco,Rancagua ,Chile,Argentina,1,0,Bulgaria, ,111,11,,,,,,,,
1962,30-May-62, 15:00 ,Group 2,Nacional,Santiago De Chile ,Chile,Chile,3,1,Switzerland, ,25,23,,,,,,,,
1962,31-May-62, 15:00 ,Group 1,Carlos Dittborn,Arica ,Chile,Soviet Union,2,0,Yugoslavia, ,43,18,,,,,,,,
1962,31-May-62, 15:00 ,Group 3,Estadio Sausalito,Vina Del Mar ,Chile,Czechoslovakia,1,0,Spain, ,27,42,,,,,,,,
1962,31-May-62, 15:00 ,Group 4,Estadio El Teniente-Codelco,Rancagua ,Chile,Hungary,2,1,England, ,73,25,,,,,,,,
1962,31-May-62, 15:00 ,Group 2,Nacional,Santiago De Chile ,Chile,Germany FR,0,0,Italy, ,99,29,,,,,,,,
1962,02-Jun-62, 15:00 ,Group 1,Carlos Dittborn,Arica ,Chile,Yugoslavia,3,1,Uruguay, ,42,18,,,,,,,,
1962,02-Jun-62, 15:00 ,Group 3,Estadio Sausalito,Vina Del Mar ,Chile,Brazil,0,0,Czechoslovakia, ,180,17,,,,,,,,
1962,02-Jun-62, 15:00 ,Group 4,Estadio El Teniente-Codelco,Rancagua ,Chile,England,3,1,Argentina, ,54,22,,,,,,,,
1962,02-Jun-62, 15:00 ,Group 2,Nacional,Santiago De Chile ,Chile,Chile,2,0,Italy, ,25,29,,,,,,,,
1962,03-Jun-62, 15:00 ,Group 1,Carlos Dittborn,Arica ,Chile,Soviet Union,4,4,Colombia, ,43,18,,,,,,,,
1962,03-Jun-62, 15:00 ,Group 3,Estadio Sausalito,Vina Del Mar ,Chile,Spain,1,0,Mexico, ,50,36,,,,,,,,
1962,03-Jun-62, 15:00 ,Group 4,Estadio El Teniente-Codelco,Rancagua ,Chile,Hungary,6,1,Bulgaria, ,73,11,,,,,,,,
1962,03-Jun-62, 15:00 ,Group 2,Nacional,Santiago De Chile ,Chile,Germany FR,2,1,Switzerland, ,99,23,,,,,,,,
1962,06-Jun-62, 15:00 ,Group 1,Carlos Dittborn,Arica ,Chile,Soviet Union,2,1,Uruguay, ,43,18,,,,,,,,
1962,06-Jun-62, 15:00 ,Group 3,Estadio Sausalito,Vina Del Mar ,Chile,Brazil,2,1,Spain, ,180,42,,,,,,,,
1962,06-Jun-62, 15:00 ,Group 4,Estadio El Teniente-Codelco,Rancagua ,Chile,Hungary,0,0,Argentina, ,73,22,,,,,,,,
1962,06-Jun-62, 15:00 ,Group 2,Nacional,Santiago De Chile ,Chile,Germany FR,2,0,Chile, ,99,16,,,,,,,,
1962,07-Jun-62, 15:00 ,Group 1,Carlos Dittborn,Arica ,Chile,Yugoslavia,5,0,Colombia, ,42,18,,,,,,,,
1962,07-Jun-62, 15:00 ,Group 3,Estadio Sausalito,Vina Del Mar ,Chile,Mexico,3,1,Czechoslovakia, ,22,17,,,,,,,,
1962,07-Jun-62, 15:00 ,Group 4,Estadio El Teniente-Codelco,Rancagua ,Chile,England,0,0,Bulgaria, ,54,11,,,,,,,,
1962,07-Jun-62, 15:00 ,Group 2,Nacional,Santiago De Chile ,Chile,Italy,3,0,Switzerland, ,99,23,,,,,,,,
1962,10-Jun-62, 14:30 ,Quarter-finals,Carlos Dittborn,Arica ,Chile,Chile,2,1,Soviet Union, ,25,10,,,,,,,,
1962,10-Jun-62, 14:30 ,Quarter-finals,Estadio Sausalito,Vina Del Mar ,Chile,Brazil,3,1,England, ,180,25,,,,,,,,
1962,10-Jun-62, 14:30 ,Quarter-finals,Estadio El Teniente-Codelco,Rancagua ,Chile,Czechoslovakia,1,0,Hungary, ,27,14,,,,,,,,
1962,10-Jun-62, 14:30 ,Quarter-finals,Nacional,Santiago De Chile ,Chile,Yugoslavia,1,0,Germany FR, ,42,32,,,,,,,,
1962,13-Jun-62, 14:30 ,Semi-finals,Estadio Sausalito,Vina Del Mar ,Chile,Czechoslovakia,3,1,Yugoslavia, ,27,18,,,,,,,,
1962,13-Jun-62, 14:30 ,Semi-finals,Nacional,Santiago De Chile ,Chile,Brazil,4,2,Chile, ,180,16,,,,,,,,
1962,16-Jun-62, 14:30 ,Match for third place,Nacional,Santiago De Chile ,Chile,Chile,1,0,Yugoslavia, ,25,18,,,,,,,,
1962,17-Jun-62, 14:30 ,Final,Nacional,Santiago De Chile ,Chile,Brazil,3,1,Czechoslovakia, ,180,17,,,,,,,,
1966,11-Jul-66, 19:30 ,Group 1,Wembley Stadium,London ,England,England,0,0,Uruguay, ,54,18,,,,,,,,
1966,12-Jul-66, 19:30 ,Group 2,Hillsborough,Sheffield ,England,Germany FR,5,0,Switzerland, ,99,23,,,,,,,,
1966,12-Jul-66, 19:30 ,Group 3,Goodison Park,Liverpool ,England,Brazil,2,0,Bulgaria, ,180,11,,,,,,,,
1966,12-Jul-66, 19:30 ,Group 4,Ayresome Park,Middlesbrough ,England,Soviet Union,3,0,Korea DPR, ,43,4,,,,,,,,
1966,13-Jul-66, 19:30 ,Group 1,Wembley Stadium,London ,England,France,1,1,Mexico, ,68,36,,,,,,,,
1966,13-Jul-66, 19:30 ,Group 3,Old Trafford Stadium,Manchester ,England,Portugal,3,1,Hungary, ,36,14,,,,,,,,
1966,13-Jul-66, 19:30 ,Group 2,Villa Park,Birmingham ,England,Argentina,2,1,Spain, ,111,42,,,,,,,,
1966,13-Jul-66, 19:30 ,Group 4,Roker Park Ground,Sunderland ,England,Italy,2,0,Chile, ,99,16,,,,,,,,
1966,15-Jul-66, 19:30 ,Group 1,White City,London ,England,Uruguay,2,1,France, ,62,40,,,,,,,,
1966,15-Jul-66, 19:30 ,Group 2,Hillsborough,Sheffield ,England,Spain,2,1,Switzerland, ,50,23,,,,,,,,
1966,15-Jul-66, 19:30 ,Group 3,Goodison Park,Liverpool ,England,Hungary,3,1,Brazil, ,73,45,,,,,,,,
1966,15-Jul-66, 19:30 ,Group 4,Ayresome Park,Middlesbrough ,England,Korea DPR,1,1,Chile, ,2,16,,,,,,,,
1966,16-Jul-66, 15:00 ,Group 3,Old Trafford Stadium,Manchester ,England,Portugal,3,0,Bulgaria, ,36,11,,,,,,,,
1966,16-Jul-66, 15:00 ,Group 2,Villa Park,Birmingham ,England,Germany FR,0,0,Argentina, ,99,22,,,,,,,,
1966,16-Jul-66, 15:00 ,Group 4,Roker Park Ground,Sunderland ,England,Soviet Union,1,0,Italy, ,43,29,,,,,,,,
1966,16-Jul-66, 19:30 ,Group 1,Wembley Stadium,London ,England,England,2,0,Mexico, ,54,36,,,,,,,,
1966,19-Jul-66, 16:30 ,Group 1,Wembley Stadium,London ,England,Uruguay,0,0,Mexico, ,62,36,,,,,,,,
1966,19-Jul-66, 19:30 ,Group 2,Hillsborough,Sheffield ,England,Argentina,2,0,Switzerland, ,111,23,,,,,,,,
1966,19-Jul-66, 19:30 ,Group 3,Goodison Park,Liverpool ,England,Portugal,3,1,Brazil, ,36,45,,,,,,,,
1966,19-Jul-66, 19:30 ,Group 4,Ayresome Park,Middlesbrough ,England,Korea DPR,1,0,Italy, ,2,29,,,,,,,,
1966,20-Jul-66, 19:30 ,Group 1,Wembley Stadium,London ,England,England,2,0,France, ,54,40,,,,,,,,
1966,20-Jul-66, 19:30 ,Group 3,Old Trafford Stadium,Manchester ,England,Hungary,3,1,Bulgaria, ,73,11,,,,,,,,
1966,20-Jul-66, 19:30 ,Group 2,Villa Park,Birmingham ,England,Germany FR,2,1,Spain, ,99,42,,,,,,,,
1966,20-Jul-66, 19:30 ,Group 4,Roker Park Ground,Sunderland ,England,Soviet Union,2,1,Chile, ,43,16,,,,,,,,
1966,23-Jul-66, 15:00 ,Quarter-finals,Wembley Stadium,London ,England,England,1,0,Argentina, ,54,22,,,,,,,,
1966,23-Jul-66, 15:00 ,Quarter-finals,Hillsborough,Sheffield ,England,Germany FR,4,0,Uruguay, ,99,18,,,,,,,,
1966,23-Jul-66, 15:00 ,Quarter-finals,Roker Park Ground,Sunderland ,England,Soviet Union,2,1,Hungary, ,43,14,,,,,,,,
1966,23-Jul-66, 15:00 ,Quarter-finals,Goodison Park,Liverpool ,England,Portugal,5,3,Korea DPR, ,36,4,,,,,,,,
1966,25-Jul-66, 19:30 ,Semi-finals,Goodison Park,Liverpool ,England,Germany FR,2,1,Soviet Union, ,99,10,,,,,,,,
1966,26-Jul-66, 19:30 ,Semi-finals,Wembley Stadium,London ,England,England,2,1,Portugal, ,54,7,,,,,,,,
1966,28-Jul-66, 19:30 ,Match for third place,Wembley Stadium,London ,England,Portugal,2,1,Soviet Union, ,36,10,,,,,,,,
1966,30-Jul-66, 15:00 ,Final,Wembley Stadium,London ,England,England,4,2,Germany FR,England win after extra time ,54,32,,,,,,,,
1970,31-May-70, 12:00 ,Group 1,Estadio Azteca,Mexico City ,Mexico,Mexico,0,0,Soviet Union, ,22,10,,,,,,,,
1970,02-Jun-70, 16:00 ,Group 2,Cuauhtemoc,Puebla ,Mexico,Uruguay,2,0,Israel, ,62,1,,,,,,,,
1970,02-Jun-70, 16:00 ,Group 4,Nou Camp - Estadio Leï¿½n,Leon ,Mexico,Peru,3,2,Bulgaria, ,13,11,,,,,,,,
1970,02-Jun-70, 16:00 ,Group 3,Jalisco,Guadalajara ,Mexico,England,1,0,Romania, ,54,15,,,,,,,,
1970,03-Jun-70, 16:00 ,Group 2,Luis Dosal,Toluca ,Mexico,Italy,1,0,Sweden, ,99,21,,,,,,,,
1970,03-Jun-70, 16:00 ,Group 4,Nou Camp - Estadio Leï¿½n,Leon ,Mexico,Germany FR,2,1,Morocco, ,99,9,,,,,,,,
1970,03-Jun-70, 16:00 ,Group 3,Jalisco,Guadalajara ,Mexico,Brazil,4,1,Czechoslovakia, ,180,17,,,,,,,,
1970,03-Jun-70, 16:00 ,Group 1,Estadio Azteca,Mexico City ,Mexico,Belgium,3,0,El Salvador, ,27,1,,,,,,,,
1970,06-Jun-70, 16:00 ,Group 2,Cuauhtemoc,Puebla ,Mexico,Uruguay,0,0,Italy, ,62,29,,,,,,,,
1970,06-Jun-70, 16:00 ,Group 4,Nou Camp - Estadio Leï¿½n,Leon ,Mexico,Peru,3,0,Morocco, ,13,9,,,,,,,,
1970,06-Jun-70, 16:00 ,Group 3,Jalisco,Guadalajara ,Mexico,Romania,2,1,Czechoslovakia, ,15,17,,,,,,,,
1970,06-Jun-70, 16:00 ,Group 1,Estadio Azteca,Mexico City ,Mexico,Soviet Union,4,1,Belgium, ,43,27,,,,,,,,
1970,07-Jun-70, 12:00 ,Group 2,Luis Dosal,Toluca ,Mexico,Sweden,1,1,Israel, ,53,1,,,,,,,,
1970,07-Jun-70, 12:00 ,Group 4,Nou Camp - Estadio Leï¿½n,Leon ,Mexico,Germany FR,5,2,Bulgaria, ,99,11,,,,,,,,
1970,07-Jun-70, 12:00 ,Group 3,Jalisco,Guadalajara ,Mexico,Brazil,1,0,England, ,180,25,,,,,,,,
1970,07-Jun-70, 12:00 ,Group 1,Estadio Azteca,Mexico City ,Mexico,Mexico,4,0,El Salvador, ,22,1,,,,,,,,
1970,10-Jun-70, 16:00 ,Group 2,Cuauhtemoc,Puebla ,Mexico,Sweden,1,0,Uruguay, ,53,18,,,,,,,,
1970,10-Jun-70, 16:00 ,Group 4,Nou Camp - Estadio Leï¿½n,Leon ,Mexico,Germany FR,3,1,Peru, ,99,6,,,,,,,,
1970,10-Jun-70, 16:00 ,Group 3,Jalisco,Guadalajara ,Mexico,Brazil,3,2,Romania, ,180,15,,,,,,,,
1970,10-Jun-70, 16:00 ,Group 1,Estadio Azteca,Mexico City ,Mexico,Soviet Union,2,0,El Salvador, ,43,1,,,,,,,,
1970,11-Jun-70, 16:00 ,Group 2,Luis Dosal,Toluca ,Mexico,Italy,0,0,Israel, ,99,1,,,,,,,,
1970,11-Jun-70, 16:00 ,Group 4,Nou Camp - Estadio Leï¿½n,Leon ,Mexico,Bulgaria,1,1,Morocco, ,11,9,,,,,,,,
1970,11-Jun-70, 16:00 ,Group 3,Jalisco,Guadalajara ,Mexico,England,1,0,Czechoslovakia, ,54,17,,,,,,,,
1970,11-Jun-70, 16:00 ,Group 1,Estadio Azteca,Mexico City ,Mexico,Mexico,1,0,Belgium, ,22,27,,,,,,,,
1970,14-Jun-70, 12:00 ,Quarter-finals,Luis Dosal,Toluca ,Mexico,Italy,4,1,Mexico, ,99,36,,,,,,,,
1970,14-Jun-70, 12:00 ,Quarter-finals,Nou Camp - Estadio Leï¿½n,Leon ,Mexico,Germany FR,3,2,England,Germany FR win after extra time ,99,25,,,,,,,,
1970,14-Jun-70, 12:00 ,Quarter-finals,Jalisco,Guadalajara ,Mexico,Brazil,4,2,Peru, ,180,6,,,,,,,,
1970,14-Jun-70, 12:00 ,Quarter-finals,Estadio Azteca,Mexico City ,Mexico,Uruguay,1,0,Soviet Union,Uruguay win after extra time ,62,10,,,,,,,,
1970,17-Jun-70, 16:00 ,Semi-finals,Jalisco,Guadalajara ,Mexico,Brazil,3,1,Uruguay, ,180,18,,,,,,,,
1970,17-Jun-70, 16:00 ,Semi-finals,Estadio Azteca,Mexico City ,Mexico,Italy,4,3,Germany FR,Italy win after extra time ,99,32,,,,,,,,
1970,20-Jun-70, 16:00 ,Match for third place,Estadio Azteca,Mexico City ,Mexico,Germany FR,1,0,Uruguay, ,99,18,,,,,,,,
1970,21-Jun-70, 12:00 ,Final,Estadio Azteca,Mexico City ,Mexico,Brazil,4,1,Italy, ,180,29,,,,,,,,
1974,13-Jun-74, 17:00 ,Group 2,Waldstadion,Frankfurt/Main ,Germany,Brazil,0,0,Yugoslavia, ,180,18,,,,,,,,
1974,14-Jun-74, 16:00 ,Group 1,Olympiastadion,Berlin West ,Germany,Germany FR,1,0,Chile, ,99,16,,,,,,,,
1974,14-Jun-74, 19:30 ,Group 1,Volksparkstadion,Hamburg ,Germany,German DR,2,0,Australia, ,3,4,,,,,,,,
1974,14-Jun-74, 19:30 ,Group 2,Westfalenstadion,Dortmund ,Germany,Zaire,0,2,Scotland, ,0,14,,,,,,,,
1974,15-Jun-74, 16:00 ,Group 3,Niedersachsenstadion,Hanover ,Germany,Uruguay,0,2,Netherlands, ,62,40,,,,,,,,
1974,15-Jun-74, 16:00 ,Group 3,Rheinstadion,Dï¿½Sseldorf ,Germany,Sweden,0,0,Bulgaria, ,53,11,,,,,,,,
1974,15-Jun-74, 18:00 ,Group 4,Olympiastadion,Munich ,Germany,Italy,3,1,Haiti, ,99,2,,,,,,,,
1974,15-Jun-74, 18:00 ,Group 4,Neckarstadion,Stuttgart ,Germany,Poland,3,2,Argentina, ,27,22,,,,,,,,
1974,18-Jun-74, 16:00 ,Group 1,Volksparkstadion,Hamburg ,Germany,Australia,0,3,Germany FR, ,7,32,,,,,,,,
1974,18-Jun-74, 19:30 ,Group 2,Waldstadion,Frankfurt/Main ,Germany,Scotland,0,0,Brazil, ,11,45,,,,,,,,
1974,18-Jun-74, 19:30 ,Group 1,Olympiastadion,Berlin West ,Germany,Chile,1,1,German DR, ,25,2,,,,,,,,
1974,18-Jun-74, 19:30 ,Group 2,Parkstadion,Gelsenkirchen ,Germany,Yugoslavia,9,0,Zaire, ,42,0,,,,,,,,
1974,19-Jun-74, 19:30 ,Group 3,Westfalenstadion,Dortmund ,Germany,Netherlands,0,0,Sweden, ,51,21,,,,,,,,
1974,19-Jun-74, 19:30 ,Group 3,Niedersachsenstadion,Hanover ,Germany,Bulgaria,1,1,Uruguay, ,11,18,,,,,,,,
1974,19-Jun-74, 19:30 ,Group 4,Olympiastadion,Munich ,Germany,Haiti,0,7,Poland, ,0,17,,,,,,,,
1974,19-Jun-74, 19:30 ,Group 4,Neckarstadion,Stuttgart ,Germany,Argentina,1,1,Italy, ,111,29,,,,,,,,
1974,22-Jun-74, 16:00 ,Group 2,Waldstadion,Frankfurt/Main ,Germany,Scotland,1,1,Yugoslavia, ,11,18,,,,,,,,
1974,22-Jun-74, 16:00 ,Group 1,Olympiastadion,Berlin West ,Germany,Australia,0,0,Chile, ,7,16,,,,,,,,
1974,22-Jun-74, 16:00 ,Group 2,Parkstadion,Gelsenkirchen ,Germany,Zaire,0,3,Brazil, ,0,45,,,,,,,,
1974,22-Jun-74, 19:30 ,Group 1,Volksparkstadion,Hamburg ,Germany,German DR,1,0,Germany FR, ,3,32,,,,,,,,
1974,23-Jun-74, 16:00 ,Group 3,Westfalenstadion,Dortmund ,Germany,Bulgaria,1,4,Netherlands, ,11,40,,,,,,,,
1974,23-Jun-74, 16:00 ,Group 4,Olympiastadion,Munich ,Germany,Argentina,4,1,Haiti, ,111,2,,,,,,,,
1974,23-Jun-74, 16:00 ,Group 3,Rheinstadion,Dï¿½Sseldorf ,Germany,Sweden,3,0,Uruguay, ,53,18,,,,,,,,
1974,23-Jun-74, 16:00 ,Group 4,Neckarstadion,Stuttgart ,Germany,Poland,2,1,Italy, ,27,29,,,,,,,,
1974,26-Jun-74, 16:00 ,Group B,Rheinstadion,Dï¿½Sseldorf ,Germany,Yugoslavia,0,2,Germany FR, ,42,32,,,,,,,,
1974,26-Jun-74, 19:30 ,Group A,Niedersachsenstadion,Hanover ,Germany,Brazil,1,0,German DR, ,180,2,,,,,,,,
1974,26-Jun-74, 19:30 ,Group A,Parkstadion,Gelsenkirchen ,Germany,Netherlands,4,0,Argentina, ,51,22,,,,,,,,
1974,26-Jun-74, 19:30 ,Group B,Neckarstadion,Stuttgart ,Germany,Sweden,0,1,Poland, ,53,17,,,,,,,,
1974,30-Jun-74, 16:00 ,Group A,Niedersachsenstadion,Hanover ,Germany,Argentina,1,2,Brazil, ,111,45,,,,,,,,
1974,30-Jun-74, 16:00 ,Group B,Waldstadion,Frankfurt/Main ,Germany,Poland,2,1,Yugoslavia, ,27,18,,,,,,,,
1974,30-Jun-74, 16:00 ,Group A,Parkstadion,Gelsenkirchen ,Germany,German DR,0,2,Netherlands, ,3,40,,,,,,,,
1974,30-Jun-74, 19:30 ,Group B,Rheinstadion,Dï¿½Sseldorf ,Germany,Germany FR,4,2,Sweden, ,99,21,,,,,,,,
1974,03-Jul-74, 17:00 ,Group B,Waldstadion,Frankfurt/Main ,Germany,Poland,0,1,Germany FR, ,27,32,,,,,,,,
1974,03-Jul-74, 19:30 ,Group A,Westfalenstadion,Dortmund ,Germany,Netherlands,2,0,Brazil, ,51,45,,,,,,,,
1974,03-Jul-74, 19:30 ,Group A,Parkstadion,Gelsenkirchen ,Germany,Argentina,1,1,German DR, ,111,2,,,,,,,,
1974,03-Jul-74, 19:30 ,Group B,Rheinstadion,Dï¿½Sseldorf ,Germany,Sweden,2,1,Yugoslavia, ,53,18,,,,,,,,
1974,06-Jul-74, 16:00 ,Match for third place,Olympiastadion,Munich ,Germany,Brazil,0,1,Poland, ,180,17,,,,,,,,
1974,07-Jul-74, 16:00 ,Final,Olympiastadion,Munich ,Germany,Netherlands,1,2,Germany FR, ,51,32,,,,,,,,
1978,01-Jun-78, 15:00 ,Group 2,El Monumental - Estadio Monumental Antonio Vespuci,Buenos Aires ,Argentina,Germany FR,0,0,Poland, ,99,17,,,,,,,,
1978,02-Jun-78, 13:45 ,Group 1,Estadio Josï¿½ Marï¿½a Minella,Mar Del Plata ,Argentina,Italy,2,1,France, ,99,40,,,,,,,,
1978,02-Jun-78, 16:45 ,Group 2,Arroyito - Estadio Dr. Lisandro de la Torre,Rosario ,Argentina,Tunisia,3,1,Mexico, ,6,36,,,,,,,,
1978,02-Jun-78, 19:15 ,Group 1,El Monumental - Estadio Monumental Antonio Vespuci,Buenos Aires ,Argentina,Argentina,2,1,Hungary, ,111,14,,,,,,,,
1978,03-Jun-78, 13:45 ,Group 3,Estadio Josï¿½ Marï¿½a Minella,Mar Del Plata ,Argentina,Sweden,1,1,Brazil, ,53,45,,,,,,,,
1978,03-Jun-78, 13:45 ,Group 3,Jose Amalfitani,Buenos Aires ,Argentina,Austria,2,1,Spain, ,31,42,,,,,,,,
1978,03-Jun-78, 16:45 ,Group 4,Estadio Olï¿½mpico Chateau Carreras,Cordoba ,Argentina,Peru,3,1,Scotland, ,13,14,,,,,,,,
1978,03-Jun-78, 16:45 ,Group 4,San Martin,Mendoza ,Argentina,Netherlands,3,0,IR Iran, ,51,2,,,,,,,,
1978,06-Jun-78, 13:45 ,Group 1,Estadio Josï¿½ Marï¿½a Minella,Mar Del Plata ,Argentina,Italy,3,1,Hungary, ,99,14,,,,,,,,
1978,06-Jun-78, 16:45 ,Group 2,Arroyito - Estadio Dr. Lisandro de la Torre,Rosario ,Argentina,Poland,1,0,Tunisia, ,27,2,,,,,,,,
1978,06-Jun-78, 16:45 ,Group 2,Estadio Olï¿½mpico Chateau Carreras,Cordoba ,Argentina,Germany FR,6,0,Mexico, ,99,36,,,,,,,,
1978,06-Jun-78, 19:15 ,Group 1,El Monumental - Estadio Monumental Antonio Vespuci,Buenos Aires ,Argentina,Argentina,2,1,France, ,111,40,,,,,,,,
1978,07-Jun-78, 13:45 ,Group 3,Estadio Josï¿½ Marï¿½a Minella,Mar Del Plata ,Argentina,Brazil,0,0,Spain, ,180,42,,,,,,,,
1978,07-Jun-78, 13:45 ,Group 3,Jose Amalfitani,Buenos Aires ,Argentina,Austria,1,0,Sweden, ,31,21,,,,,,,,
1978,07-Jun-78, 16:45 ,Group 4,Estadio Olï¿½mpico Chateau Carreras,Cordoba ,Argentina,Scotland,1,1,IR Iran, ,11,2,,,,,,,,
1978,07-Jun-78, 16:45 ,Group 4,San Martin,Mendoza ,Argentina,Netherlands,0,0,Peru, ,51,6,,,,,,,,
1978,10-Jun-78, 15:10 ,Group 1,Estadio Josï¿½ Marï¿½a Minella,Mar Del Plata ,Argentina,France,3,1,Hungary, ,68,14,,,,,,,,
1978,10-Jun-78, 16:45 ,Group 2,Arroyito - Estadio Dr. Lisandro de la Torre,Rosario ,Argentina,Poland,3,1,Mexico, ,27,36,,,,,,,,
1978,10-Jun-78, 16:45 ,Group 2,Estadio Olï¿½mpico Chateau Carreras,Cordoba ,Argentina,Germany FR,0,0,Tunisia, ,99,2,,,,,,,,
1978,10-Jun-78, 19:15 ,Group 1,El Monumental - Estadio Monumental Antonio Vespuci,Buenos Aires ,Argentina,Italy,1,0,Argentina, ,99,22,,,,,,,,
1978,11-Jun-78, 13:45 ,Group 3,Estadio Josï¿½ Marï¿½a Minella,Mar Del Plata ,Argentina,Brazil,1,0,Austria, ,180,12,,,,,,,,
1978,11-Jun-78, 13:45 ,Group 3,Jose Amalfitani,Buenos Aires ,Argentina,Spain,1,0,Sweden, ,50,21,,,,,,,,
1978,11-Jun-78, 16:45 ,Group 4,Estadio Olï¿½mpico Chateau Carreras,Cordoba ,Argentina,Peru,4,1,Iran, ,13,4,,,,,,,,
1978,11-Jun-78, 16:45 ,Group 4,San Martin,Mendoza ,Argentina,Scotland,3,2,Netherlands, ,11,40,,,,,,,,
1978,14-Jun-78, 13:45 ,Group A,El Monumental - Estadio Monumental Antonio Vespuci,Buenos Aires ,Argentina,Germany FR,0,0,Italy, ,99,29,,,,,,,,
1978,14-Jun-78, 13:45 ,Group A,Estadio Olï¿½mpico Chateau Carreras,Cordoba ,Argentina,Netherlands,5,1,Austria, ,51,12,,,,,,,,
1978,14-Jun-78, 16:45 ,Group B,San Martin,Mendoza ,Argentina,Brazil,3,0,Peru, ,180,6,,,,,,,,
1978,14-Jun-78, 19:15 ,Group B,Arroyito - Estadio Dr. Lisandro de la Torre,Rosario ,Argentina,Argentina,2,0,Poland, ,111,17,,,,,,,,
1978,18-Jun-78, 13:45 ,Group B,San Martin,Mendoza ,Argentina,Poland,1,0,Peru, ,27,6,,,,,,,,
1978,18-Jun-78, 16:45 ,Group A,El Monumental - Estadio Monumental Antonio Vespuci,Buenos Aires ,Argentina,Italy,1,0,Austria, ,99,12,,,,,,,,
1978,18-Jun-78, 16:45 ,Group A,Estadio Olï¿½mpico Chateau Carreras,Cordoba ,Argentina,Germany FR,2,2,Netherlands, ,99,40,,,,,,,,
1978,18-Jun-78, 19:15 ,Group B,Arroyito - Estadio Dr. Lisandro de la Torre,Rosario ,Argentina,Argentina,0,0,Brazil, ,111,45,,,,,,,,
1978,21-Jun-78, 13:45 ,Group A,El Monumental - Estadio Monumental Antonio Vespuci,Buenos Aires ,Argentina,Netherlands,2,1,Italy, ,51,29,,,,,,,,
1978,21-Jun-78, 13:45 ,Group A,Estadio Olï¿½mpico Chateau Carreras,Cordoba ,Argentina,Austria,3,2,Germany FR, ,31,32,,,,,,,,
1978,21-Jun-78, 16:45 ,Group B,San Martin,Mendoza ,Argentina,Brazil,3,1,Poland, ,180,17,,,,,,,,
1978,21-Jun-78, 19:15 ,Group B,Arroyito - Estadio Dr. Lisandro de la Torre,Rosario ,Argentina,Argentina,6,0,Peru, ,111,6,,,,,,,,
1978,24-Jun-78, 15:00 ,Match for third place,El Monumental - Estadio Monumental Antonio Vespuci,Buenos Aires ,Argentina,Brazil,2,1,Italy, ,180,29,,,,,,,,
1978,25-Jun-78, 15:00 ,Final,El Monumental - Estadio Monumental Antonio Vespuci,Buenos Aires ,Argentina,Argentina,3,1,Netherlands,Argentina win after extra time ,111,40,,,,,,,,
1982,13-Jun-82, 20:00 ,Group 3,Camp Nou,Barcelona ,Spain,Argentina,0,1,Belgium, ,111,27,,,,,,,,
1982,14-Jun-82, 17:15 ,Group 1,Estadio Municipal de Balaï¿½dos,Vigo ,Spain,Italy,0,0,Poland, ,99,17,,,,,,,,
1982,14-Jun-82, 21:00 ,Group 6,Ramon Sanchez Pizjuan,Seville ,Spain,Brazil,2,1,Soviet Union, ,180,10,,,,,,,,
1982,15-Jun-82, 17:15 ,Group 1,Riazor,La Coruï¿½A ,Spain,Peru,0,0,Cameroon, ,13,7,,,,,,,,
1982,15-Jun-82, 21:00 ,Group 3,Nuevo Estadio,Elche ,Spain,Hungary,10,1,El Salvador, ,73,1,,,,,,,,
1982,15-Jun-82, 21:00 ,Group 6,La Rosaleda,Malaga ,Spain,Scotland,5,2,New Zealand, ,11,3,,,,,,,,
1982,16-Jun-82, 17:15 ,Group 2,El Molinon,Gijon ,Spain,Germany FR,1,2,Algeria, ,99,9,,,,,,,,
1982,16-Jun-82, 17:15 ,Group 4,San Mames,Bilbao ,Spain,England,3,1,France, ,54,40,,,,,,,,
1982,16-Jun-82, 21:00 ,Group 5,Luis Casanova,Valencia ,Spain,Spain,1,1,Honduras, ,50,1,,,,,,,,
1982,17-Jun-82, 17:15 ,Group 2,Carlos Tartiere,Oviedo ,Spain,Chile,0,1,Austria, ,25,12,,,,,,,,
1982,17-Jun-82, 17:45 ,Group 4,Jose Zorrilla,Valladolid ,Spain,Czechoslovakia,1,1,Kuwait, ,27,2,,,,,,,,
1982,17-Jun-82, 21:00 ,Group 5,La Romareda,Zaragoza ,Spain,Yugoslavia,0,0,Northern Ireland, ,42,8,,,,,,,,
1982,18-Jun-82, 17:15 ,Group 1,Estadio Municipal de Balaï¿½dos,Vigo ,Spain,Italy,1,1,Peru, ,99,6,,,,,,,,
1982,18-Jun-82, 21:00 ,Group 3,Jose Rico Perez,Alicante ,Spain,Argentina,4,1,Hungary, ,111,14,,,,,,,,
1982,18-Jun-82, 21:00 ,Group 6,Benito Villamarin,Seville ,Spain,Brazil,4,1,Scotland, ,180,14,,,,,,,,
1982,19-Jun-82, 19:15 ,Group 1,Riazor,La Coruï¿½A ,Spain,Poland,0,0,Cameroon, ,27,7,,,,,,,,
1982,19-Jun-82, 21:00 ,Group 3,Nuevo Estadio,Elche ,Spain,Belgium,1,0,El Salvador, ,27,1,,,,,,,,
1982,19-Jun-82, 21:00 ,Group 6,La Rosaleda,Malaga ,Spain,Soviet Union,3,0,New Zealand, ,43,3,,,,,,,,
1982,20-Jun-82, 17:15 ,Group 2,El Molinon,Gijon ,Spain,Germany FR,4,1,Chile, ,99,16,,,,,,,,
1982,20-Jun-82, 17:15 ,Group 4,San Mames,Bilbao ,Spain,England,2,0,Czechoslovakia, ,54,17,,,,,,,,
1982,20-Jun-82, 21:00 ,Group 5,Luis Casanova,Valencia ,Spain,Spain,2,1,Yugoslavia, ,50,18,,,,,,,,
1982,21-Jun-82, 17:15 ,Group 2,Carlos Tartiere,Oviedo ,Spain,Algeria,0,2,Austria, ,5,12,,,,,,,,
1982,21-Jun-82, 17:15 ,Group 4,Jose Zorrilla,Valladolid ,Spain,France,4,1,Kuwait, ,68,2,,,,,,,,
1982,21-Jun-82, 21:00 ,Group 5,La Romareda,Zaragoza ,Spain,Honduras,1,1,Northern Ireland, ,2,8,,,,,,,,
1982,22-Jun-82, 17:15 ,Group 1,Riazor,La Coruï¿½A ,Spain,Poland,5,1,Peru, ,27,6,,,,,,,,
1982,22-Jun-82, 21:00 ,Group 3,Nuevo Estadio,Elche ,Spain,Belgium,1,1,Hungary, ,27,14,,,,,,,,
1982,22-Jun-82, 21:00 ,Group 6,La Rosaleda,Malaga ,Spain,Soviet Union,2,2,Scotland, ,43,14,,,,,,,,
1982,23-Jun-82, 17:15 ,Group 1,Estadio Municipal de Balaï¿½dos,Vigo ,Spain,Italy,1,1,Cameroon, ,99,7,,,,,,,,
1982,23-Jun-82, 21:00 ,Group 3,Jose Rico Perez,Alicante ,Spain,Argentina,2,0,El Salvador, ,111,1,,,,,,,,
1982,23-Jun-82, 21:00 ,Group 6,Benito Villamarin,Seville ,Spain,Brazil,4,0,New Zealand, ,180,3,,,,,,,,
1982,24-Jun-82, 17:15 ,Group 2,Carlos Tartiere,Oviedo ,Spain,Algeria,3,2,Chile, ,5,16,,,,,,,,
1982,24-Jun-82, 17:15 ,Group 4,Jose Zorrilla,Valladolid ,Spain,France,1,1,Czechoslovakia, ,68,17,,,,,,,,
1982,24-Jun-82, 21:00 ,Group 5,La Romareda,Zaragoza ,Spain,Honduras,0,1,Yugoslavia, ,2,18,,,,,,,,
1982,25-Jun-82, 17:15 ,Group 2,El Molinon,Gijon ,Spain,Germany FR,1,0,Austria, ,99,12,,,,,,,,
1982,25-Jun-82, 17:15 ,Group 4,San Mames,Bilbao ,Spain,England,1,0,Kuwait, ,54,2,,,,,,,,
1982,25-Jun-82, 21:00 ,Group 5,Luis Casanova,Valencia ,Spain,Northern Ireland,1,0,Spain, ,5,42,,,,,,,,
1982,28-Jun-82, 17:15 ,Group 4,Vicente Calderon,Madrid ,Spain,Austria,0,1,France, ,31,40,,,,,,,,
1982,28-Jun-82, 21:00 ,Group 1,Camp Nou,Barcelona ,Spain,Poland,3,0,Belgium, ,27,27,,,,,,,,
1982,29-Jun-82, 17:15 ,Group 3,Sarria,Barcelona ,Spain,Italy,2,1,Argentina, ,99,22,,,,,,,,
1982,29-Jun-82, 21:00 ,Group 2,Santiago Bernabeu,Madrid ,Spain,Germany FR,0,0,England, ,99,25,,,,,,,,
1982,01-Jul-82, 17:15 ,Group 4,Vicente Calderon,Madrid ,Spain,Austria,2,2,Northern Ireland, ,31,8,,,,,,,,
1982,01-Jul-82, 21:00 ,Group 1,Camp Nou,Barcelona ,Spain,Belgium,0,1,Soviet Union, ,27,10,,,,,,,,
1982,02-Jul-82, 17:15 ,Group 3,Sarria,Barcelona ,Spain,Argentina,1,3,Brazil, ,111,45,,,,,,,,
1982,02-Jul-82, 21:00 ,Group 2,Santiago Bernabeu,Madrid ,Spain,Germany FR,2,1,Spain, ,99,42,,,,,,,,
1982,04-Jul-82, 17:15 ,Group 4,Vicente Calderon,Madrid ,Spain,France,4,1,Northern Ireland, ,68,8,,,,,,,,
1982,04-Jul-82, 21:00 ,Group 1,Camp Nou,Barcelona ,Spain,Poland,0,0,Soviet Union, ,27,10,,,,,,,,
1982,05-Jul-82, 17:15 ,Group 3,Sarria,Barcelona ,Spain,Italy,3,2,Brazil, ,99,45,,,,,,,,
1982,05-Jul-82, 21:00 ,Group 2,Santiago Bernabeu,Madrid ,Spain,Spain,0,0,England, ,50,25,,,,,,,,
1982,08-Jul-82, 17:15 ,Semi-finals,Camp Nou,Barcelona ,Spain,Poland,0,2,Italy, ,27,29,,,,,,,,
1982,08-Jul-82, 21:00 ,Semi-finals,Ramon Sanchez Pizjuan,Seville ,Spain,Germany FR,3,3,France, win on penalties (5 - 4) ,99,40,,,,,,,,
1982,10-Jul-82, 20:00 ,Match for third place,Jose Rico Perez,Alicante ,Spain,Poland,3,2,France, ,27,40,,,,,,,,
1982,11-Jul-82, 20:00 ,Final,Santiago Bernabeu,Madrid ,Spain,Italy,3,1,Germany FR, ,99,32,,,,,,,,
1986,31-May-86, 12:00 ,Group A,Estadio Azteca,Mexico City ,Mexico,Bulgaria,1,1,Italy, ,11,29,,,,,,,,
1986,01-Jun-86, 16:00 ,Group C,Nou Camp - Estadio Leï¿½n,Leon ,Mexico,Canada,0,1,France, ,0,40,,,,,,,,
1986,01-Jun-86, 12:00 ,Group D,Jalisco,Guadalajara ,Mexico,Spain,0,1,Brazil, ,50,45,,,,,,,,
1986,02-Jun-86, 12:00 ,Group C,Estadio Irapuato,Irapuato ,Mexico,Soviet Union,6,0,Hungary, ,43,14,,,,,,,,
1986,02-Jun-86, 12:00 ,Group A,Estadio Olï¿½mpico Universitario,Mexico City ,Mexico,Argentina,3,1,Korea Republic, ,111,13,,,,,,,,
1986,02-Jun-86, 16:00 ,Group F,Estadio Universitario,Monterrey ,Mexico,Morocco,0,0,Poland, ,3,17,,,,,,,,
1986,03-Jun-86, 12:00 ,Group D,Tres de Marzo,Guadalajara ,Mexico,Algeria,1,1,Northern Ireland, ,5,8,,,,,,,,
1986,03-Jun-86, 12:00 ,Group B,Estadio Azteca,Mexico City ,Mexico,Belgium,1,2,Mexico, ,27,36,,,,,,,,
1986,03-Jun-86, 16:00 ,Group F,Tecnologico,Monterrey ,Mexico,Portugal,1,0,England, ,36,25,,,,,,,,
1986,04-Jun-86, 12:00 ,Group B,Bombonera - Estadio Nemesio Diez,Toluca ,Mexico,Paraguay,1,0,Iraq, ,14,0,,,,,,,,
1986,04-Jun-86, 16:00 ,Group E,Neza,Nezahualcoyotl ,Mexico,Scotland,0,1,Denmark, ,11,14,,,,,,,,
1986,04-Jun-86, 12:00 ,Group E,Estadio Corregidora,Queretaro ,Mexico,Uruguay,1,1,Germany FR, ,62,32,,,,,,,,
1986,05-Jun-86, 12:00 ,Group A,Cuauhtemoc,Puebla ,Mexico,Italy,1,1,Argentina, ,99,22,,,,,,,,
1986,05-Jun-86, 12:00 ,Group C,Nou Camp - Estadio Leï¿½n,Leon ,Mexico,France,1,1,Soviet Union, ,68,10,,,,,,,,
1986,05-Jun-86, 16:00 ,Group A,Estadio Olï¿½mpico Universitario,Mexico City ,Mexico,Korea Republic,1,1,Bulgaria, ,18,11,,,,,,,,
1986,06-Jun-86, 12:00 ,Group C,Estadio Irapuato,Irapuato ,Mexico,Hungary,2,0,Canada, ,73,0,,,,,,,,
1986,06-Jun-86, 12:00 ,Group D,Jalisco,Guadalajara ,Mexico,Brazil,1,0,Algeria, ,180,9,,,,,,,,
1986,06-Jun-86, 16:00 ,Group F,Tecnologico,Monterrey ,Mexico,England,0,0,Morocco, ,54,9,,,,,,,,
1986,07-Jun-86, 12:00 ,Group D,Tres de Marzo,Guadalajara ,Mexico,Northern Ireland,1,2,Spain, ,5,42,,,,,,,,
1986,07-Jun-86, 12:00 ,Group B,Estadio Azteca,Mexico City ,Mexico,Mexico,1,1,Paraguay, ,22,16,,,,,,,,
1986,07-Jun-86, 16:00 ,Group F,Estadio Universitario,Monterrey ,Mexico,Poland,1,0,Portugal, ,27,7,,,,,,,,
1986,08-Jun-86, 12:00 ,Group B,Bombonera - Estadio Nemesio Diez,Toluca ,Mexico,Iraq,1,2,Belgium, ,1,27,,,,,,,,
1986,08-Jun-86, 16:00 ,Group E,Neza,Nezahualcoyotl ,Mexico,Denmark,6,1,Uruguay, ,13,18,,,,,,,,
1986,08-Jun-86, 12:00 ,Group E,Estadio Corregidora,Queretaro ,Mexico,Germany FR,2,1,Scotland, ,99,14,,,,,,,,
1986,09-Jun-86, 12:00 ,Group C,Nou Camp - Estadio Leï¿½n,Leon ,Mexico,Hungary,0,3,France, ,73,40,,,,,,,,
1986,09-Jun-86, 12:00 ,Group C,Estadio Irapuato,Irapuato ,Mexico,Soviet Union,2,0,Canada, ,43,0,,,,,,,,
1986,10-Jun-86, 12:00 ,Group A,Cuauhtemoc,Puebla ,Mexico,Korea Republic,2,3,Italy, ,18,29,,,,,,,,
1986,10-Jun-86, 12:00 ,Group A,Estadio Olï¿½mpico Universitario,Mexico City ,Mexico,Argentina,2,0,Bulgaria, ,111,11,,,,,,,,
1986,11-Jun-86, 12:00 ,Group B,Bombonera - Estadio Nemesio Diez,Toluca ,Mexico,Paraguay,2,2,Belgium, ,14,27,,,,,,,,
1986,11-Jun-86, 12:00 ,Group B,Estadio Azteca,Mexico City ,Mexico,Iraq,0,1,Mexico, ,1,36,,,,,,,,
1986,11-Jun-86, 16:00 ,Group F,Tres de Marzo,Guadalajara ,Mexico,Portugal,1,3,Morocco, ,36,9,,,,,,,,
1986,11-Jun-86, 16:00 ,Group F,Tecnologico,Monterrey ,Mexico,England,3,0,Poland, ,54,17,,,,,,,,
1986,12-Jun-86, 12:00 ,Group D,Jalisco,Guadalajara ,Mexico,Northern Ireland,0,3,Brazil, ,5,45,,,,,,,,
1986,12-Jun-86, 12:00 ,Group D,Tecnologico,Monterrey ,Mexico,Algeria,0,3,Spain, ,5,42,,,,,,,,
1986,13-Jun-86, 12:00 ,Group E,Neza,Nezahualcoyotl ,Mexico,Scotland,0,0,Uruguay, ,11,18,,,,,,,,
1986,13-Jun-86, 12:00 ,Group E,Estadio Corregidora,Queretaro ,Mexico,Denmark,2,0,Germany FR, ,13,32,,,,,,,,
1986,15-Jun-86, 16:00 ,Round of 16,Nou Camp - Estadio Leï¿½n,Leon ,Mexico,Soviet Union,3,4,Belgium,Belgium win after extra time ,43,27,,,,,,,,
1986,15-Jun-86, 12:00 ,Round of 16,Estadio Azteca,Mexico City ,Mexico,Mexico,2,0,Bulgaria, ,22,11,,,,,,,,
1986,16-Jun-86, 16:00 ,Round of 16,Cuauhtemoc,Puebla ,Mexico,Argentina,1,0,Uruguay, ,111,18,,,,,,,,
1986,16-Jun-86, 12:00 ,Round of 16,Jalisco,Guadalajara ,Mexico,Brazil,4,0,Poland, ,180,17,,,,,,,,
1986,17-Jun-86, 12:00 ,Round of 16,Estadio Olï¿½mpico Universitario,Mexico City ,Mexico,Italy,0,2,France, ,99,40,,,,,,,,
1986,17-Jun-86, 16:00 ,Round of 16,Estadio Universitario,Monterrey ,Mexico,Morocco,0,1,Germany FR, ,3,32,,,,,,,,
1986,18-Jun-86, 12:00 ,Round of 16,Estadio Azteca,Mexico City ,Mexico,England,3,0,Paraguay, ,54,16,,,,,,,,
1986,18-Jun-86, 16:00 ,Round of 16,Estadio Corregidora,Queretaro ,Mexico,Denmark,1,5,Spain, ,13,42,,,,,,,,
1986,21-Jun-86, 12:00 ,Quarter-finals,Jalisco,Guadalajara ,Mexico,Brazil,1,1,France,France win on penalties (3 - 4) ,180,40,,,,,,,,
1986,21-Jun-86, 16:00 ,Quarter-finals,Estadio Universitario,Monterrey ,Mexico,Germany FR,0,0,Mexico,Germany FR win on penalties (4 - 1) ,99,36,,,,,,,,
1986,22-Jun-86, 16:00 ,Quarter-finals,Cuauhtemoc,Puebla ,Mexico,Spain,1,1,Belgium,Belgium win on penalties (4 - 5) ,50,27,,,,,,,,
1986,22-Jun-86, 12:00 ,Quarter-finals,Estadio Azteca,Mexico City ,Mexico,Argentina,2,1,England, ,111,25,,,,,,,,
1986,25-Jun-86, 12:00 ,Semi-finals,Jalisco,Guadalajara ,Mexico,France,0,2,Germany FR, ,68,32,,,,,,,,
1986,25-Jun-86, 16:00 ,Semi-finals,Estadio Azteca,Mexico City ,Mexico,Argentina,2,0,Belgium, ,111,27,,,,,,,,
1986,28-Jun-86, 12:00 ,Match for third place,Cuauhtemoc,Puebla ,Mexico,France,4,2,Belgium,France win after extra time ,68,27,,,,,,,,
1986,29-Jun-86, 12:00 ,Final,Estadio Azteca,Mexico City ,Mexico,Argentina,3,2,Germany FR, ,111,32,,,,,,,,
1990,08-Jun-90, 18:00 ,Group B,Giuseppe Meazza,Milan ,Italy,Argentina,0,1,Cameroon, ,111,7,,,,,,,,
1990,09-Jun-90, 17:00 ,Group B,Stadio San Nicola,Bari ,Italy,Soviet Union,0,2,Romania, ,43,15,,,,,,,,
1990,09-Jun-90, 17:00 ,Group D,Renato Dall Ara,Bologna ,Italy,United Arab Emirates,0,2,Colombia, ,0,18,,,,,,,,
1990,09-Jun-90, 21:00 ,Group A,Stadio Olimpico,Rome ,Italy,Italy,1,0,Austria, ,99,12,,,,,,,,
1990,10-Jun-90, 17:00 ,Group A,Comunale,Florence ,Italy,USA,1,5,Czechoslovakia, ,19,17,,,,,,,,
1990,10-Jun-90, 21:00 ,Group C,Stadio delle Alpi,Turin ,Italy,Brazil,2,1,Sweden, ,180,21,,,,,,,,
1990,10-Jun-90, 21:00 ,Group D,Giuseppe Meazza,Milan ,Italy,Germany FR,4,1,Yugoslavia, ,99,18,,,,,,,,
1990,11-Jun-90, 17:00 ,Group C,Luigi Ferraris,Genoa ,Italy,Costa Rica,1,0,Scotland, ,7,14,,,,,,,,
1990,11-Jun-90, 21:00 ,Group F,Sant Elia,Cagliari ,Italy,England,1,1,Republic of Ireland, ,54,8,,,,,,,,
1990,12-Jun-90, 17:00 ,Group E,Marc Antonio Bentegodi,Verona ,Italy,Belgium,2,0,Korea Republic, ,27,13,,,,,,,,
1990,12-Jun-90, 21:00 ,Group F,Della Favorita,Palermo ,Italy,Netherlands,1,1,Egypt, ,51,3,,,,,,,,
1990,13-Jun-90, 17:00 ,Group E,Dacia Arena,Udine ,Italy,Uruguay,0,0,Spain, ,62,42,,,,,,,,
1990,13-Jun-90, 21:00 ,Group B,San Paolo,Naples ,Italy,Argentina,2,0,Soviet Union, ,111,10,,,,,,,,
1990,14-Jun-90, 17:00 ,Group B,Stadio San Nicola,Bari ,Italy,Cameroon,2,1,Romania, ,11,15,,,,,,,,
1990,14-Jun-90, 17:00 ,Group D,Renato Dall Ara,Bologna ,Italy,Yugoslavia,1,0,Colombia, ,42,18,,,,,,,,
1990,14-Jun-90, 21:00 ,Group A,Stadio Olimpico,Rome ,Italy,Italy,1,0,USA, ,99,19,,,,,,,,
1990,15-Jun-90, 17:00 ,Group A,Comunale,Florence ,Italy,Austria,0,1,Czechoslovakia, ,31,17,,,,,,,,
1990,15-Jun-90, 21:00 ,Group D,Giuseppe Meazza,Milan ,Italy,Germany FR,5,1,United Arab Emirates, ,99,2,,,,,,,,
1990,16-Jun-90, 17:00 ,Group C,Stadio delle Alpi,Turin ,Italy,Brazil,1,0,Costa Rica, ,180,11,,,,,,,,
1990,16-Jun-90, 21:00 ,Group C,Luigi Ferraris,Genoa ,Italy,Sweden,1,2,Scotland, ,53,14,,,,,,,,
1990,16-Jun-90, 21:00 ,Group F,Sant Elia,Cagliari ,Italy,England,0,0,Netherlands, ,54,40,,,,,,,,
1990,17-Jun-90, 17:00 ,Group F,Della Favorita,Palermo ,Italy,Republic of Ireland,0,0,Egypt, ,2,3,,,,,,,,
1990,17-Jun-90, 21:00 ,Group E,Dacia Arena,Udine ,Italy,Korea Republic,1,3,Spain, ,18,42,,,,,,,,
1990,17-Jun-90, 21:00 ,Group E,Marc Antonio Bentegodi,Verona ,Italy,Belgium,3,1,Uruguay, ,27,18,,,,,,,,
1990,18-Jun-90, 21:00 ,Group B,San Paolo,Naples ,Italy,Argentina,1,1,Romania, ,111,15,,,,,,,,
1990,18-Jun-90, 21:00 ,Group B,Stadio San Nicola,Bari ,Italy,Cameroon,0,4,Soviet Union, ,11,10,,,,,,,,
1990,19-Jun-90, 17:00 ,Group D,Giuseppe Meazza,Milan ,Italy,Germany FR,1,1,Colombia, ,99,18,,,,,,,,
1990,19-Jun-90, 17:00 ,Group D,Renato Dall Ara,Bologna ,Italy,Yugoslavia,4,1,United Arab Emirates, ,42,2,,,,,,,,
1990,19-Jun-90, 21:00 ,Group A,Stadio Olimpico,Rome ,Italy,Italy,2,0,Czechoslovakia, ,99,17,,,,,,,,
1990,19-Jun-90, 21:00 ,Group A,Comunale,Florence ,Italy,Austria,2,1,USA, ,31,19,,,,,,,,
1990,20-Jun-90, 21:00 ,Group C,Stadio delle Alpi,Turin ,Italy,Brazil,1,0,Scotland, ,180,14,,,,,,,,
1990,20-Jun-90, 21:00 ,Group C,Luigi Ferraris,Genoa ,Italy,Sweden,1,2,Costa Rica, ,53,11,,,,,,,,
1990,21-Jun-90, 17:00 ,Group E,Friuli,Udine ,Italy,Korea Republic,0,1,Uruguay, ,18,18,,,,,,,,
1990,21-Jun-90, 17:00 ,Group E,Marc Antonio Bentegodi,Verona ,Italy,Belgium,1,2,Spain, ,27,42,,,,,,,,
1990,21-Jun-90, 21:00 ,Group F,Della Favorita,Palermo ,Italy,Republic of Ireland,1,1,Netherlands, ,2,40,,,,,,,,
1990,21-Jun-90, 21:00 ,Group F,Sant Elia,Cagliari ,Italy,England,1,0,Egypt, ,54,3,,,,,,,,
1990,23-Jun-90, 17:00 ,Round of 16,San Paolo,Naples ,Italy,Cameroon,2,1,Colombia,Cameroon win after extra time ,11,18,,,,,,,,
1990,23-Jun-90, 21:00 ,Round of 16,Stadio San Nicola,Bari ,Italy,Czechoslovakia,4,1,Costa Rica, ,27,11,,,,,,,,
1990,24-Jun-90, 17:00 ,Round of 16,Stadio delle Alpi,Turin ,Italy,Brazil,0,1,Argentina, ,180,22,,,,,,,,
1990,24-Jun-90, 21:00 ,Round of 16,Giuseppe Meazza,Milan ,Italy,Germany FR,2,1,Netherlands, ,99,40,,,,,,,,
1990,25-Jun-90, 17:00 ,Round of 16,Luigi Ferraris,Genoa ,Italy,Republic of Ireland,0,0,Romania,Republic of Ireland win on penalties (5 - 4) ,2,15,,,,,,,,
1990,25-Jun-90, 21:00 ,Round of 16,Stadio Olimpico,Rome ,Italy,Italy,2,0,Uruguay, ,99,18,,,,,,,,
1990,26-Jun-90, 17:00 ,Round of 16,Marc Antonio Bentegodi,Verona ,Italy,Spain,1,2,Yugoslavia,Yugoslavia win after extra time ,50,18,,,,,,,,
1990,26-Jun-90, 21:00 ,Round of 16,Renato Dall Ara,Bologna ,Italy,England,1,0,Belgium,England win after extra time ,54,27,,,,,,,,
1990,30-Jun-90, 17:00 ,Quarter-finals,Comunale,Florence ,Italy,Yugoslavia,0,0,Argentina, win on penalties (2 - 3) ,42,22,,,,,,,,
1990,30-Jun-90, 21:00 ,Quarter-finals,Stadio Olimpico,Rome ,Italy,Italy,1,0,Republic of Ireland, ,99,8,,,,,,,,
1990,01-Jul-90, 17:00 ,Quarter-finals,Giuseppe Meazza,Milan ,Italy,Germany FR,1,0,Czechoslovakia, ,99,17,,,,,,,,
1990,01-Jul-90, 21:00 ,Quarter-finals,San Paolo,Naples ,Italy,England,3,2,Cameroon,England win after extra time ,54,7,,,,,,,,
1990,03-Jul-90, 20:00 ,Semi-finals,San Paolo,Naples ,Italy,Italy,1,1,Argentina, win on penalties (3 - 4) ,99,22,,,,,,,,
1990,04-Jul-90, 20:00 ,Semi-finals,Stadio delle Alpi,Turin ,Italy,Germany FR,1,1,England, win on penalties (4 - 3) ,99,25,,,,,,,,
1990,07-Jul-90, 20:00 ,Match for third place,Stadio San Nicola,Bari ,Italy,Italy,2,1,England, ,99,25,,,,,,,,
1990,08-Jul-90, 20:00 ,Final,Stadio Olimpico,Rome ,Italy,Germany FR,1,0,Argentina, ,99,22,,,,,,,,
1994,17-Jun-94, 19:30 ,Group C,Cotton Bowl,Dallas ,USA,Spain,2,2,Korea Republic, ,50,13,,,,,,,,
1994,17-Jun-94, 15:00 ,Group C,Soldier Field,Chicago ,USA,Germany,1,0,Bolivia, ,69,0,,,,,,,,
1994,18-Jun-94, 11:30 ,Group A,Pontiac Silverdome,Detroit ,USA,USA,1,1,Switzerland, ,19,23,,,,,,,,
1994,18-Jun-94, 16:00 ,Group E,Giants Stadium,New York/New Jersey ,USA,Italy,0,1,Republic of Ireland, ,99,8,,,,,,,,
1994,18-Jun-94, 19:30 ,Group A,Rose Bowl,Los Angeles ,USA,Colombia,1,3,Romania, ,11,15,,,,,,,,
1994,19-Jun-94, 12:30 ,Group F,Citrus Bowl,Orlando ,USA,Belgium,1,0,Morocco, ,27,9,,,,,,,,
1994,19-Jun-94, 16:00 ,Group E,RFK Stadium,Washington Dc ,USA,Norway,1,0,Mexico, ,1,36,,,,,,,,
1994,19-Jun-94, 19:30 ,Group B,Rose Bowl,Los Angeles ,USA,Cameroon,2,2,Sweden, ,11,21,,,,,,,,
1994,20-Jun-94, 19:30 ,Group F,RFK Stadium,Washington Dc ,USA,Netherlands,2,1,Saudi Arabia, ,51,6,,,,,,,,
1994,20-Jun-94, 16:00 ,Group B,Stanford Stadium,San Francisco ,USA,Brazil,2,0,Russia, ,180,4,,,,,,,,
1994,21-Jun-94, 12:30 ,Group D,Foxboro Stadium,Boston ,USA,Argentina,4,0,Greece, ,111,2,,,,,,,,
1994,21-Jun-94, 19:30 ,Group D,Cotton Bowl,Dallas ,USA,Nigeria,3,0,Bulgaria, ,12,11,,,,,,,,
1994,21-Jun-94, 16:00 ,Group C,Soldier Field,Chicago ,USA,Germany,1,1,Spain, ,69,42,,,,,,,,
1994,22-Jun-94, 16:00 ,Group A,Pontiac Silverdome,Detroit ,USA,Romania,1,4,Switzerland, ,15,23,,,,,,,,
1994,22-Jun-94, 19:30 ,Group A,Rose Bowl,Los Angeles ,USA,USA,2,1,Colombia, ,19,18,,,,,,,,
1994,23-Jun-94, 16:00 ,Group E,Giants Stadium,New York/New Jersey ,USA,Italy,1,0,Norway, ,99,6,,,,,,,,
1994,23-Jun-94, 19:30 ,Group C,Foxboro Stadium,Boston ,USA,Korea Republic,0,0,Bolivia, ,18,0,,,,,,,,
1994,24-Jun-94, 12:30 ,Group E,Citrus Bowl,Orlando ,USA,Mexico,2,1,Republic of Ireland, ,22,8,,,,,,,,
1994,24-Jun-94, 19:30 ,Group B,Pontiac Silverdome,Detroit ,USA,Sweden,3,1,Russia, ,53,4,,,,,,,,
1994,24-Jun-94, 16:00 ,Group B,Stanford Stadium,San Francisco ,USA,Brazil,3,0,Cameroon, ,180,7,,,,,,,,
1994,25-Jun-94, 12:30 ,Group F,Citrus Bowl,Orlando ,USA,Belgium,1,0,Netherlands, ,27,40,,,,,,,,
1994,25-Jun-94, 12:30 ,Group F,Giants Stadium,New York/New Jersey ,USA,Saudi Arabia,2,1,Morocco, ,3,9,,,,,,,,
1994,25-Jun-94, 16:00 ,Group D,Foxboro Stadium,Boston ,USA,Argentina,2,1,Nigeria, ,111,8,,,,,,,,
1994,26-Jun-94, 12:30 ,Group D,Soldier Field,Chicago ,USA,Bulgaria,4,0,Greece, ,11,2,,,,,,,,
1994,26-Jun-94, 16:00 ,Group A,Rose Bowl,Los Angeles ,USA,USA,0,1,Romania, ,19,15,,,,,,,,
1994,26-Jun-94, 16:00 ,Group A,Stanford Stadium,San Francisco ,USA,Switzerland,0,2,Colombia, ,22,18,,,,,,,,
1994,27-Jun-94, 16:00 ,Group C,Cotton Bowl,Dallas ,USA,Germany,3,2,Korea Republic, ,69,13,,,,,,,,
1994,27-Jun-94, 16:00 ,Group C,Soldier Field,Chicago ,USA,Bolivia,1,3,Spain, ,1,42,,,,,,,,
1994,28-Jun-94, 12:30 ,Group E,Giants Stadium,New York/New Jersey ,USA,Republic of Ireland,0,0,Norway, ,2,6,,,,,,,,
1994,28-Jun-94, 16:00 ,Group B,Pontiac Silverdome,Detroit ,USA,Brazil,1,1,Sweden, ,180,21,,,,,,,,
1994,28-Jun-94, 12:30 ,Group E,RFK Stadium,Washington Dc ,USA,Italy,1,1,Mexico, ,99,36,,,,,,,,
1994,28-Jun-94, 16:00 ,Group B,Stanford Stadium,San Francisco ,USA,Russia,6,1,Cameroon, ,9,7,,,,,,,,
1994,29-Jun-94, 12:30 ,Group F,Citrus Bowl,Orlando ,USA,Morocco,1,2,Netherlands, ,3,40,,,,,,,,
1994,29-Jun-94, 12:30 ,Group F,RFK Stadium,Washington Dc ,USA,Belgium,0,1,Saudi Arabia, ,27,6,,,,,,,,
1994,30-Jun-94, 19:30 ,Group D,Foxboro Stadium,Boston ,USA,Greece,0,2,Nigeria, ,4,8,,,,,,,,
1994,30-Jun-94, 19:30 ,Group D,Cotton Bowl,Dallas ,USA,Argentina,0,2,Bulgaria, ,111,11,,,,,,,,
1994,02-Jul-94, 12:00 ,Round of 16,Soldier Field,Chicago ,USA,Germany,3,2,Belgium, ,69,27,,,,,,,,
1994,02-Jul-94, 16:30 ,Round of 16,RFK Stadium,Washington Dc ,USA,Spain,3,0,Switzerland, ,50,23,,,,,,,,
1994,03-Jul-94, 12:00 ,Round of 16,Cotton Bowl,Dallas ,USA,Saudi Arabia,1,3,Sweden, ,3,21,,,,,,,,
1994,03-Jul-94, 13:30 ,Round of 16,Rose Bowl,Los Angeles ,USA,Romania,3,2,Argentina, ,15,22,,,,,,,,
1994,04-Jul-94, 12:00 ,Round of 16,Citrus Bowl,Orlando ,USA,Netherlands,2,0,Republic of Ireland, ,51,8,,,,,,,,
1994,04-Jul-94, 12:30 ,Round of 16,Stanford Stadium,San Francisco ,USA,Brazil,1,0,USA, ,180,19,,,,,,,,
1994,05-Jul-94, 13:00 ,Round of 16,Foxboro Stadium,Boston ,USA,Nigeria,1,2,Italy,Italy win after extra time ,12,29,,,,,,,,
1994,05-Jul-94, 16:30 ,Round of 16,Giants Stadium,New York/New Jersey ,USA,Mexico,1,1,Bulgaria,Bulgaria win on penalties (1 - 3) ,22,11,,,,,,,,
1994,09-Jul-94, 12:00 ,Quarter-finals,Foxboro Stadium,Boston ,USA,Italy,2,1,Spain, ,99,42,,,,,,,,
1994,09-Jul-94, 14:30 ,Quarter-finals,Cotton Bowl,Dallas ,USA,Netherlands,2,3,Brazil, ,51,45,,,,,,,,
1994,10-Jul-94, 12:00 ,Quarter-finals,Giants Stadium,New York/New Jersey ,USA,Bulgaria,2,1,Germany, ,11,35,,,,,,,,
1994,10-Jul-94, 12:30 ,Quarter-finals,Stanford Stadium,San Francisco ,USA,Romania,2,2,Sweden,Sweden win on penalties (4 - 5) ,15,21,,,,,,,,
1994,13-Jul-94, 16:00 ,Semi-finals,Giants Stadium,New York/New Jersey ,USA,Bulgaria,1,2,Italy, ,11,29,,,,,,,,
1994,13-Jul-94, 16:30 ,Semi-finals,Rose Bowl,Los Angeles ,USA,Sweden,0,1,Brazil, ,53,45,,,,,,,,
1994,16-Jul-94, 12:30 ,Match for third place,Rose Bowl,Los Angeles ,USA,Sweden,4,0,Bulgaria, ,53,11,,,,,,,,
1994,17-Jul-94, 12:30 ,Final,Rose Bowl,Los Angeles ,USA,Brazil,0,0,Italy,Brazil win on penalties (3 - 2) ,180,29,,,,,,,,
1998,10-Jun-98, 17:30 ,Group A,Stade de France,Saint-Denis ,France,Brazil,2,1,Scotland, ,180,14,,,,,,,,
1998,10-Jun-98, 21:00 ,Group A,La Mosson,Montpellier ,France,Morocco,2,2,Norway, ,3,6,,,,,,,,
1998,11-Jun-98, 17:30 ,Group B,Stade du Parc Lescure,Bordeaux ,France,Italy,2,2,Chile, ,99,16,,,,,,,,
1998,11-Jun-98, 21:00 ,Group B,Stade Municipal,Toulouse ,France,Cameroon,1,1,Austria, ,11,12,,,,,,,,
1998,12-Jun-98, 14:30 ,Group D,La Mosson,Montpellier ,France,Paraguay,0,0,Bulgaria, ,14,11,,,,,,,,
1998,12-Jun-98, 17:30 ,Group C,Stade Felix Bollaert,Lens ,France,Saudi Arabia,0,1,Denmark, ,3,14,,,,,,,,
1998,12-Jun-98, 21:00 ,Group C,Stade Vï¿½lodrome,Marseilles ,France,France,3,0,South Africa, ,68,4,,,,,,,,
1998,13-Jun-98, 14:30 ,Group D,La Beaujoire,Nantes ,France,Spain,2,3,Nigeria, ,50,8,,,,,,,,
1998,13-Jun-98, 17:30 ,Group E,Stade de Gerland,Lyon ,France,Korea Republic,1,3,Mexico, ,18,36,,,,,,,,
1998,13-Jun-98, 21:00 ,Group E,Stade de France,Saint-Denis ,France,Netherlands,0,0,Belgium, ,51,27,,,,,,,,
1998,14-Jun-98, 14:30 ,Group H,Stade Municipal,Toulouse ,France,Argentina,1,0,Japan, ,111,7,,,,,,,,
1998,14-Jun-98, 17:30 ,Group F,Stade Geoffroy Guichard,Saint-Etienne ,France,Yugoslavia,1,0,Iran, ,42,4,,,,,,,,
1998,14-Jun-98, 21:00 ,Group H,Stade Felix Bollaert,Lens ,France,Jamaica,1,3,Croatia, ,1,18,,,,,,,,
1998,15-Jun-98, 14:30 ,Group G,Stade Vï¿½lodrome,Marseilles ,France,England,2,0,Tunisia, ,54,2,,,,,,,,
1998,15-Jun-98, 17:30 ,Group G,Stade de Gerland,Lyon ,France,Romania,1,0,Colombia, ,15,18,,,,,,,,
1998,15-Jun-98, 21:00 ,Group F,Parc des Princes,Paris ,France,Germany,2,0,USA, ,69,19,,,,,,,,
1998,16-Jun-98, 17:30 ,Group A,Stade du Parc Lescure,Bordeaux ,France,Scotland,1,1,Norway, ,11,6,,,,,,,,
1998,16-Jun-98, 21:00 ,Group A,La Beaujoire,Nantes ,France,Brazil,3,0,Morocco, ,180,9,,,,,,,,
1998,17-Jun-98, 17:30 ,Group B,Stade Geoffroy Guichard,Saint-Etienne ,France,Chile,1,1,Austria, ,25,12,,,,,,,,
1998,17-Jun-98, 21:00 ,Group B,La Mosson,Montpellier ,France,Italy,3,0,Cameroon, ,99,7,,,,,,,,
1998,18-Jun-98, 17:30 ,Group C,Stade Municipal,Toulouse ,France,South Africa,1,1,Denmark, ,7,14,,,,,,,,
1998,18-Jun-98, 21:00 ,Group C,Stade de France,Saint-Denis ,France,France,4,0,Saudi Arabia, ,68,6,,,,,,,,
1998,19-Jun-98, 17:30 ,Group D,Parc des Princes,Paris ,France,Nigeria,1,0,Bulgaria, ,12,11,,,,,,,,
1998,19-Jun-98, 21:00 ,Group D,Stade Geoffroy Guichard,Saint-Etienne ,France,Spain,0,0,Paraguay, ,50,16,,,,,,,,
1998,20-Jun-98, 14:30 ,Group H,La Beaujoire,Nantes ,France,Japan,0,1,Croatia, ,7,18,,,,,,,,
1998,20-Jun-98, 17:30 ,Group E,Stade du Parc Lescure,Bordeaux ,France,Belgium,2,2,Mexico, ,27,36,,,,,,,,
1998,20-Jun-98, 21:00 ,Group E,Stade Vï¿½lodrome,Marseilles ,France,Netherlands,5,0,Korea Republic, ,51,13,,,,,,,,
1998,21-Jun-98, 14:30 ,Group F,Stade Felix Bollaert,Lens ,France,Germany,2,2,Yugoslavia, ,69,18,,,,,,,,
1998,21-Jun-98, 17:30 ,Group H,Parc des Princes,Paris ,France,Argentina,5,0,Jamaica, ,111,2,,,,,,,,
1998,21-Jun-98, 21:00 ,Group F,Stade de Gerland,Lyon ,France,USA,1,2,Iran, ,19,4,,,,,,,,
1998,22-Jun-98, 17:30 ,Group G,La Mosson,Montpellier ,France,Colombia,1,0,Tunisia, ,11,2,,,,,,,,
1998,22-Jun-98, 21:00 ,Group G,Stade Municipal,Toulouse ,France,Romania,2,1,England, ,15,25,,,,,,,,
1998,23-Jun-98, 16:00 ,Group B,Stade de France,Saint-Denis ,France,Italy,2,1,Austria, ,99,12,,,,,,,,
1998,23-Jun-98, 16:00 ,Group B,La Beaujoire,Nantes ,France,Chile,1,1,Cameroon, ,25,7,,,,,,,,
1998,23-Jun-98, 21:00 ,Group A,Stade Geoffroy Guichard,Saint-Etienne ,France,Scotland,0,3,Morocco, ,11,9,,,,,,,,
1998,23-Jun-98, 21:00 ,Group A,Stade Vï¿½lodrome,Marseilles ,France,Brazil,1,2,Norway, ,180,6,,,,,,,,
1998,24-Jun-98, 16:00 ,Group C,Stade de Gerland,Lyon ,France,France,2,1,Denmark, ,68,14,,,,,,,,
1998,24-Jun-98, 16:00 ,Group C,Stade du Parc Lescure,Bordeaux ,France,South Africa,2,2,Saudi Arabia, ,7,6,,,,,,,,
1998,24-Jun-98, 21:00 ,Group D,Stade Felix Bollaert,Lens ,France,Spain,6,1,Bulgaria, ,50,11,,,,,,,,
1998,24-Jun-98, 21:00 ,Group D,Stade Municipal,Toulouse ,France,Nigeria,1,3,Paraguay, ,12,16,,,,,,,,
1998,25-Jun-98, 16:00 ,Group E,Parc des Princes,Paris ,France,Belgium,1,1,Korea Republic, ,27,13,,,,,,,,
1998,25-Jun-98, 16:00 ,Group E,Stade Geoffroy Guichard,Saint-Etienne ,France,Netherlands,2,2,Mexico, ,51,36,,,,,,,,
1998,25-Jun-98, 21:00 ,Group F,La Mosson,Montpellier ,France,Germany,2,0,Iran, ,69,4,,,,,,,,
1998,25-Jun-98, 21:00 ,Group F,La Beaujoire,Nantes ,France,USA,0,1,Yugoslavia, ,19,18,,,,,,,,
1998,26-Jun-98, 16:00 ,Group H,Stade de Gerland,Lyon ,France,Japan,1,2,Jamaica, ,7,2,,,,,,,,
1998,26-Jun-98, 16:00 ,Group H,Stade du Parc Lescure,Bordeaux ,France,Argentina,1,0,Croatia, ,111,18,,,,,,,,
1998,26-Jun-98, 21:00 ,Group G,Stade de France,Saint-Denis ,France,Romania,1,1,Tunisia, ,15,2,,,,,,,,
1998,26-Jun-98, 21:00 ,Group G,Stade Felix Bollaert,Lens ,France,Colombia,0,2,England, ,11,25,,,,,,,,
1998,27-Jun-98, 16:30 ,Round of 16,Stade Vï¿½lodrome,Marseilles ,France,Italy,1,0,Norway, ,99,6,,,,,,,,
1998,27-Jun-98, 21:00 ,Round of 16,Parc des Princes,Paris ,France,Brazil,4,1,Chile, ,180,16,,,,,,,,
1998,28-Jun-98, 16:30 ,Round of 16,Stade Felix Bollaert,Lens ,France,France,1,0,Paraguay,France win after extra time ,68,16,,,,,,,,
1998,28-Jun-98, 21:00 ,Round of 16,Stade de France,Saint-Denis ,France,Nigeria,1,4,Denmark, ,12,14,,,,,,,,
1998,29-Jun-98, 16:30 ,Round of 16,La Mosson,Montpellier ,France,Germany,2,1,Mexico, ,69,36,,,,,,,,
1998,29-Jun-98, 21:00 ,Round of 16,Stade Municipal,Toulouse ,France,Netherlands,2,1,Yugoslavia, ,51,18,,,,,,,,
1998,30-Jun-98, 16:30 ,Round of 16,Stade du Parc Lescure,Bordeaux ,France,Romania,0,1,Croatia, ,15,18,,,,,,,,
1998,30-Jun-98, 21:00 ,Round of 16,Stade Geoffroy Guichard,Saint-Etienne ,France,Argentina,2,2,England,Argentina win on penalties (4 - 3) ,111,25,,,,,,,,
1998,03-Jul-98, 16:30 ,Quarter-finals,Stade de France,Saint-Denis ,France,Italy,0,0,France,France win on penalties (3 - 4) ,99,40,,,,,,,,
1998,03-Jul-98, 21:00 ,Quarter-finals,La Beaujoire,Nantes ,France,Brazil,3,2,Denmark, ,180,14,,,,,,,,
1998,04-Jul-98, 16:30 ,Quarter-finals,Stade Vï¿½lodrome,Marseilles ,France,Netherlands,2,1,Argentina, ,51,22,,,,,,,,
1998,04-Jul-98, 21:00 ,Quarter-finals,Stade de Gerland,Lyon ,France,Germany,0,3,Croatia, ,69,18,,,,,,,,
1998,07-Jul-98, 21:00 ,Semi-finals,Stade Vï¿½lodrome,Marseilles ,France,Brazil,1,1,Netherlands,Brazil win on penalties (4 - 2) ,180,40,,,,,,,,
1998,08-Jul-98, 21:00 ,Semi-finals,Stade de France,Saint-Denis ,France,France,2,1,Croatia, ,68,18,,,,,,,,
1998,11-Jul-98, 21:00 ,Match for third place,Parc des Princes,Paris ,France,Netherlands,1,2,Croatia, ,51,18,,,,,,,,
1998,12-Jul-98, 21:00 ,Final,Stade de France,Saint-Denis ,France,Brazil,0,3,France, ,180,40,,,,,,,,
2002,31-May-02, 20:30 ,Group A,Seoul World Cup Stadium,Seoul ,Korea/Japan,France,0,1,Senegal, ,68,4,,,,,,,,
2002,01-Jun-02, 18:00 ,Group A,Munsu Football Stadium,Ulsan ,Korea/Japan,Uruguay,1,2,Denmark, ,62,14,,,,,,,,
2002,01-Jun-02, 15:30 ,Group E,Niigata Stadium Big Swan,Niigata ,Korea/Japan,Republic of Ireland,1,1,Cameroon, ,2,7,,,,,,,,
2002,01-Jun-02, 20:30 ,Group E,Sapporo Dome,Sapporo ,Korea/Japan,Germany,8,0,Saudi Arabia, ,69,6,,,,,,,,
2002,02-Jun-02, 14:30 ,Group F,Kashima Stadium,Ibaraki ,Korea/Japan,Argentina,1,0,Nigeria, ,111,8,,,,,,,,
2002,02-Jun-02, 16:30 ,Group B,Busan Asiad Main Stadium,Busan ,Korea/Japan,Paraguay,2,2,South Africa, ,14,4,,,,,,,,
2002,02-Jun-02, 18:30 ,Group F,Saitama Stadium 2002,Saitama ,Korea/Japan,England,1,1,Sweden, ,54,21,,,,,,,,
2002,02-Jun-02, 20:30 ,Group B,Gwangju World Cup Stadium,Gwangju ,Korea/Japan,Spain,3,1,Slovenia, ,50,2,,,,,,,,
2002,03-Jun-02, 18:00 ,Group C,Munsu Football Stadium,Ulsan ,Korea/Japan,Brazil,2,1,Turkey, ,180,10,,,,,,,,
2002,03-Jun-02, 20:30 ,Group G,Sapporo Dome,Sapporo ,Korea/Japan,Italy,2,0,Ecuador, ,99,6,,,,,,,,
2002,03-Jun-02, 15:30 ,Group G,Niigata Stadium Big Swan,Niigata ,Korea/Japan,Croatia,0,1,Mexico, ,3,36,,,,,,,,
2002,04-Jun-02, 15:30 ,Group C,Gwangju World Cup Stadium,Gwangju ,Korea/Japan,China PR,0,2,Costa Rica, ,0,11,,,,,,,,
2002,04-Jun-02, 18:00 ,Group H,Saitama Stadium 2002,Saitama ,Korea/Japan,Japan,2,2,Belgium, ,7,27,,,,,,,,
2002,04-Jun-02, 20:30 ,Group D,Busan Asiad Main Stadium,Busan ,Korea/Japan,Korea Republic,2,0,Poland, ,18,17,,,,,,,,
2002,05-Jun-02, 15:30 ,Group H,Kobe Wing Stadium,Kobe ,Korea/Japan,Russia,2,0,Tunisia, ,9,2,,,,,,,,
2002,05-Jun-02, 18:00 ,Group D,Suwon World Cup Stadium,Suwon ,Korea/Japan,USA,3,2,Portugal, ,19,7,,,,,,,,
2002,05-Jun-02, 20:30 ,Group E,Kashima Stadium,Ibaraki ,Korea/Japan,Germany,1,1,Republic of Ireland, ,69,8,,,,,,,,
2002,06-Jun-02, 15:30 ,Group A,Daegu World Cup Stadium,Daegu ,Korea/Japan,Denmark,1,1,Senegal, ,13,4,,,,,,,,
2002,06-Jun-02, 18:00 ,Group E,Saitama Stadium 2002,Saitama ,Korea/Japan,Cameroon,1,0,Saudi Arabia, ,11,6,,,,,,,,
2002,06-Jun-02, 20:30 ,Group A,Busan Asiad Main Stadium,Busan ,Korea/Japan,France,0,0,Uruguay, ,68,18,,,,,,,,
2002,07-Jun-02, 15:30 ,Group F,Kobe Wing Stadium,Kobe ,Korea/Japan,Sweden,2,1,Nigeria, ,53,8,,,,,,,,
2002,07-Jun-02, 20:30 ,Group F,Sapporo Dome,Sapporo ,Korea/Japan,Argentina,0,1,England, ,111,25,,,,,,,,
2002,07-Jun-02, 18:00 ,Group B,Jeonju World Cup Stadium,Jeonju ,Korea/Japan,Spain,3,1,Paraguay, ,50,16,,,,,,,,
2002,08-Jun-02, 15:30 ,Group B,Daegu World Cup Stadium,Daegu ,Korea/Japan,South Africa,1,0,Slovenia, ,7,2,,,,,,,,
2002,08-Jun-02, 20:30 ,Group C,Jeju World Cup Stadium,Jeju ,Korea/Japan,Brazil,4,0,China PR, ,180,0,,,,,,,,
2002,08-Jun-02, 18:00 ,Group G,Kashima Stadium,Ibaraki ,Korea/Japan,Italy,1,2,Croatia, ,99,18,,,,,,,,
2002,09-Jun-02, 18:00 ,Group C,Incheon Football Stadium,Incheon ,Korea/Japan,Costa Rica,1,1,Turkey, ,7,10,,,,,,,,
2002,09-Jun-02, 20:30 ,Group H,International Stadium Yokohama,Yokohama ,Korea/Japan,Japan,1,0,Russia, ,7,4,,,,,,,,
2002,09-Jun-02, 15:30 ,Group G,Miyagi Stadium,Rifu ,Korea/Japan,Mexico,2,1,Ecuador, ,22,6,,,,,,,,
2002,10-Jun-02, 15:30 ,Group D,Daegu World Cup Stadium,Daegu ,Korea/Japan,Korea Republic,1,1,USA, ,18,19,,,,,,,,
2002,10-Jun-02, 20:30 ,Group D,Jeonju World Cup Stadium,Jeonju ,Korea/Japan,Portugal,4,0,Poland, ,36,17,,,,,,,,
2002,10-Jun-02, 18:00 ,Group H,Oita Stadium Big Eye,Oita ,Korea/Japan,Tunisia,1,1,Belgium, ,6,27,,,,,,,,
2002,11-Jun-02, 15:30 ,Group A,Incheon Football Stadium,Incheon ,Korea/Japan,Denmark,2,0,France, ,13,40,,,,,,,,
2002,11-Jun-02, 15:30 ,Group A,Suwon World Cup Stadium,Suwon ,Korea/Japan,Senegal,3,3,Uruguay, ,3,18,,,,,,,,
2002,11-Jun-02, 20:30 ,Group E,International Stadium Yokohama,Yokohama ,Korea/Japan,Saudi Arabia,0,3,Republic of Ireland, ,3,8,,,,,,,,
2002,11-Jun-02, 20:30 ,Group E,Shizuoka Stadium Ecopa,Shizuoka ,Korea/Japan,Cameroon,0,2,Germany, ,11,35,,,,,,,,
2002,12-Jun-02, 15:30 ,Group F,Miyagi Stadium,Rifu ,Korea/Japan,Sweden,1,1,Argentina, ,53,22,,,,,,,,
2002,12-Jun-02, 15:30 ,Group F,Osaka Nagai Stadium,Osaka ,Korea/Japan,Nigeria,0,0,England, ,12,25,,,,,,,,
2002,12-Jun-02, 20:30 ,Group B,Jeju World Cup Stadium,Jeju ,Korea/Japan,Slovenia,1,3,Paraguay, ,3,16,,,,,,,,
2002,12-Jun-02, 20:30 ,Group B,Daejeon World Cup Stadium,Daejeon ,Korea/Japan,South Africa,2,3,Spain, ,7,42,,,,,,,,
2002,13-Jun-02, 15:30 ,Group C,Suwon World Cup Stadium,Suwon ,Korea/Japan,Costa Rica,2,5,Brazil, ,7,45,,,,,,,,
2002,13-Jun-02, 15:30 ,Group C,Seoul World Cup Stadium,Seoul ,Korea/Japan,Turkey,3,0,China PR, ,10,0,,,,,,,,
2002,13-Jun-02, 20:30 ,Group G,International Stadium Yokohama,Yokohama ,Korea/Japan,Ecuador,1,0,Croatia, ,4,18,,,,,,,,
2002,13-Jun-02, 20:30 ,Group G,Oita Stadium Big Eye,Oita ,Korea/Japan,Mexico,1,1,Italy, ,22,29,,,,,,,,
2002,14-Jun-02, 15:30 ,Group H,Osaka Nagai Stadium,Osaka ,Korea/Japan,Tunisia,0,2,Japan, ,6,7,,,,,,,,
2002,14-Jun-02, 20:30 ,Group D,Incheon Football Stadium,Incheon ,Korea/Japan,Portugal,0,1,Korea Republic, ,36,13,,,,,,,,
2002,14-Jun-02, 20:30 ,Group D,Daejeon World Cup Stadium,Daejeon ,Korea/Japan,Poland,3,1,USA, ,27,19,,,,,,,,
2002,14-Jun-02, 15:30 ,Group H,Shizuoka Stadium Ecopa,Shizuoka ,Korea/Japan,Belgium,3,2,Russia, ,27,4,,,,,,,,
2002,15-Jun-02, 20:30 ,Round of 16,Niigata Stadium Big Swan,Niigata ,Korea/Japan,Denmark,0,3,England, ,13,25,,,,,,,,
2002,15-Jun-02, 15:30 ,Round of 16,Jeju World Cup Stadium,Jeju ,Korea/Japan,Germany,1,0,Paraguay, ,69,16,,,,,,,,
2002,16-Jun-02, 20:30 ,Round of 16,Suwon World Cup Stadium,Suwon ,Korea/Japan,Spain,1,1,Republic of Ireland,Spain win on penalties (3 - 2) ,50,8,,,,,,,,
2002,16-Jun-02, 15:30 ,Round of 16,Oita Stadium Big Eye,Oita ,Korea/Japan,Sweden,1,2,Senegal,Win on Golden Goal ,53,4,,,,,,,,
2002,17-Jun-02, 20:30 ,Round of 16,Kobe Wing Stadium,Kobe ,Korea/Japan,Brazil,2,0,Belgium, ,180,27,,,,,,,,
2002,17-Jun-02, 15:30 ,Round of 16,Jeonju World Cup Stadium,Jeonju ,Korea/Japan,Mexico,0,2,USA, ,22,19,,,,,,,,
2002,18-Jun-02, 15:30 ,Round of 16,Miyagi Stadium,Rifu ,Korea/Japan,Japan,0,1,Turkey, ,7,10,,,,,,,,
2002,18-Jun-02, 20:30 ,Round of 16,Daejeon World Cup Stadium,Daejeon ,Korea/Japan,Korea Republic,2,1,Italy,Win on Golden Goal ,18,29,,,,,,,,
2002,21-Jun-02, 15:30 ,Quarter-finals,Shizuoka Stadium Ecopa,Shizuoka ,Korea/Japan,England,1,2,Brazil, ,54,45,,,,,,,,
2002,21-Jun-02, 20:30 ,Quarter-finals,Munsu Football Stadium,Ulsan ,Korea/Japan,Germany,1,0,USA, ,69,19,,,,,,,,
2002,22-Jun-02, 20:30 ,Quarter-finals,Osaka Nagai Stadium,Osaka ,Korea/Japan,Senegal,0,1,Turkey,Win on Golden Goal ,3,10,,,,,,,,
2002,22-Jun-02, 15:30 ,Quarter-finals,Gwangju World Cup Stadium,Gwangju ,Korea/Japan,Spain,0,0,Korea Republic,Korea Republic win on penalties (3 - 5) ,50,13,,,,,,,,
2002,25-Jun-02, 20:30 ,Semi-finals,Seoul World Cup Stadium,Seoul ,Korea/Japan,Germany,1,0,Korea Republic, ,69,13,,,,,,,,
2002,26-Jun-02, 20:30 ,Semi-finals,Saitama Stadium 2002,Saitama ,Korea/Japan,Brazil,1,0,Turkey, ,180,10,,,,,,,,
2002,29-Jun-02, 20:00 ,Third place,Daegu World Cup Stadium,Daegu ,Korea/Japan,Korea Republic,2,3,Turkey, ,18,10,,,,,,,,
2002,30-Jun-02, 20:00 ,Final,International Stadium Yokohama,Yokohama ,Korea/Japan,Germany,0,2,Brazil, ,69,45,,,,,,,,
2006,09-Jun-06, 18:00 ,Group A,"FIFA World Cup Stadium, Munich",Munich ,Germany,Germany,4,2,Costa Rica, ,69,11,,,,,,,,
2006,09-Jun-06, 21:00 ,Group A,"FIFA World Cup Stadium, Gelsenkirchen",Gelsenkirchen ,Germany,Poland,0,2,Ecuador, ,27,6,,,,,,,,
2006,10-Jun-06, 15:00 ,Group B,"FIFA World Cup Stadium, Frankfurt",Frankfurt/Main ,Germany,England,1,0,Paraguay, ,54,16,,,,,,,,
2006,10-Jun-06, 18:00 ,Group B,"FIFA World Cup Stadium, Dortmund",Dortmund ,Germany,Trinidad and Tobago,0,0,Sweden, ,0,21,,,,,,,,
2006,10-Jun-06, 21:00 ,Group C,"FIFA World Cup Stadium, Hamburg",Hamburg ,Germany,Argentina,2,1,Cï¿½te d'Ivoire, ,111,8,,,,,,,,
2006,11-Jun-06, 15:00 ,Group C,Zentralstadion,Leipzig ,Germany,Serbia and Montenegro,0,1,Netherlands, ,0,40,,,,,,,,
2006,11-Jun-06, 18:00 ,Group D,Franken-Stadion,Nuremberg ,Germany,Mexico,3,1,Iran, ,22,4,,,,,,,,
2006,11-Jun-06, 21:00 ,Group D,"FIFA World Cup Stadium, Cologne",Cologne ,Germany,Angola,0,1,Portugal, ,0,7,,,,,,,,
2006,12-Jun-06, 15:00 ,Group F,Fritz-Walter-Stadion,Kaiserslautern ,Germany,Australia,3,1,Japan, ,7,7,,,,,,,,
2006,12-Jun-06, 18:00 ,Group E,"FIFA World Cup Stadium, Gelsenkirchen",Gelsenkirchen ,Germany,USA,0,3,Czech Republic, ,19,3,,,,,,,,
2006,12-Jun-06, 21:00 ,Group E,"FIFA World Cup Stadium, Hanover",Hanover ,Germany,Italy,2,0,Ghana, ,99,9,,,,,,,,
2006,13-Jun-06, 15:00 ,Group G,"FIFA World Cup Stadium, Frankfurt",Frankfurt/Main ,Germany,Korea Republic,2,1,Togo, ,18,1,,,,,,,,
2006,13-Jun-06, 18:00 ,Group G,Gottlieb-Daimler-Stadion,Stuttgart ,Germany,France,0,0,Switzerland, ,68,23,,,,,,,,
2006,13-Jun-06, 21:00 ,Group F,Olympiastadion,Berlin ,Germany,Brazil,1,0,Croatia, ,180,18,,,,,,,,
2006,14-Jun-06, 15:00 ,Group H,Zentralstadion,Leipzig ,Germany,Spain,4,0,Ukraine, ,50,4,,,,,,,,
2006,14-Jun-06, 18:00 ,Group H,"FIFA World Cup Stadium, Munich",Munich ,Germany,Tunisia,2,2,Saudi Arabia, ,6,6,,,,,,,,
2006,14-Jun-06, 21:00 ,Group A,"FIFA World Cup Stadium, Dortmund",Dortmund ,Germany,Germany,1,0,Poland, ,69,17,,,,,,,,
2006,15-Jun-06, 15:00 ,Group A,"FIFA World Cup Stadium, Hamburg",Hamburg ,Germany,Ecuador,3,0,Costa Rica, ,4,11,,,,,,,,
2006,15-Jun-06, 18:00 ,Group B,Franken-Stadion,Nuremberg ,Germany,England,2,0,Trinidad and Tobago, ,54,0,,,,,,,,
2006,15-Jun-06, 21:00 ,Group B,Olympiastadion,Berlin ,Germany,Sweden,1,0,Paraguay, ,53,16,,,,,,,,
2006,16-Jun-06, 15:00 ,Group C,"FIFA World Cup Stadium, Gelsenkirchen",Gelsenkirchen ,Germany,Argentina,6,0,Serbia and Montenegro, ,111,2,,,,,,,,
2006,16-Jun-06, 18:00 ,Group C,Gottlieb-Daimler-Stadion,Stuttgart ,Germany,Netherlands,2,1,Cï¿½te d'Ivoire, ,51,8,,,,,,,,
2006,16-Jun-06, 21:00 ,Group D,"FIFA World Cup Stadium, Hanover",Hanover ,Germany,Mexico,0,0,Angola, ,22,1,,,,,,,,
2006,17-Jun-06, 15:00 ,Group D,"FIFA World Cup Stadium, Frankfurt",Frankfurt/Main ,Germany,Portugal,2,0,IR Iran, ,36,2,,,,,,,,
2006,17-Jun-06, 18:00 ,Group E,"FIFA World Cup Stadium, Cologne",Cologne ,Germany,Czech Republic,0,2,Ghana, ,0,9,,,,,,,,
2006,17-Jun-06, 21:00 ,Group E,Fritz-Walter-Stadion,Kaiserslautern ,Germany,Italy,1,1,USA, ,99,19,,,,,,,,
2006,18-Jun-06, 15:00 ,Group F,Franken-Stadion,Nuremberg ,Germany,Japan,0,0,Croatia, ,7,18,,,,,,,,
2006,18-Jun-06, 18:00 ,Group F,"FIFA World Cup Stadium, Munich",Munich ,Germany,Brazil,2,0,Australia, ,180,4,,,,,,,,
2006,18-Jun-06, 21:00 ,Group G,Zentralstadion,Leipzig ,Germany,France,1,1,Korea Republic, ,68,13,,,,,,,,
2006,19-Jun-06, 15:00 ,Group G,"FIFA World Cup Stadium, Dortmund",Dortmund ,Germany,Togo,0,2,Switzerland, ,0,23,,,,,,,,
2006,19-Jun-06, 18:00 ,Group H,"FIFA World Cup Stadium, Hamburg",Hamburg ,Germany,Saudi Arabia,0,4,Ukraine, ,3,4,,,,,,,,
2006,19-Jun-06, 21:00 ,Group H,Gottlieb-Daimler-Stadion,Stuttgart ,Germany,Spain,3,1,Tunisia, ,50,2,,,,,,,,
2006,20-Jun-06, 16:00 ,Group A,Olympiastadion,Berlin ,Germany,Ecuador,0,3,Germany, ,4,35,,,,,,,,
2006,20-Jun-06, 16:00 ,Group A,"FIFA World Cup Stadium, Hanover",Hanover ,Germany,Costa Rica,1,2,Poland, ,7,17,,,,,,,,
2006,20-Jun-06, 21:00 ,Group B,"FIFA World Cup Stadium, Cologne",Cologne ,Germany,Sweden,2,2,England, ,53,25,,,,,,,,
2006,20-Jun-06, 21:00 ,Group B,Fritz-Walter-Stadion,Kaiserslautern ,Germany,Paraguay,2,0,Trinidad and Tobago, ,14,0,,,,,,,,
2006,21-Jun-06, 16:00 ,Group D,Zentralstadion,Leipzig ,Germany,Iran,1,1,Angola, ,1,1,,,,,,,,
2006,21-Jun-06, 16:00 ,Group D,"FIFA World Cup Stadium, Gelsenkirchen",Gelsenkirchen ,Germany,Portugal,2,1,Mexico, ,36,36,,,,,,,,
2006,21-Jun-06, 21:00 ,Group C,"FIFA World Cup Stadium, Frankfurt",Frankfurt/Main ,Germany,Netherlands,0,0,Argentina, ,51,22,,,,,,,,
2006,21-Jun-06, 21:00 ,Group C,"FIFA World Cup Stadium, Munich",Munich ,Germany,Cï¿½te d'Ivoire,3,2,Serbia and Montenegro, ,5,2,,,,,,,,
2006,22-Jun-06, 16:00 ,Group E,"FIFA World Cup Stadium, Hamburg",Hamburg ,Germany,Czech Republic,0,2,Italy, ,0,29,,,,,,,,
2006,22-Jun-06, 16:00 ,Group E,Franken-Stadion,Nuremberg ,Germany,Ghana,2,1,USA, ,4,19,,,,,,,,
2006,22-Jun-06, 21:00 ,Group F,"FIFA World Cup Stadium, Dortmund",Dortmund ,Germany,Japan,1,4,Brazil, ,7,45,,,,,,,,
2006,22-Jun-06, 21:00 ,Group F,Gottlieb-Daimler-Stadion,Stuttgart ,Germany,Croatia,2,2,Australia, ,3,4,,,,,,,,
2006,23-Jun-06, 16:00 ,Group H,Olympiastadion,Berlin ,Germany,Ukraine,1,0,Tunisia, ,1,2,,,,,,,,
2006,23-Jun-06, 16:00 ,Group H,Fritz-Walter-Stadion,Kaiserslautern ,Germany,Saudi Arabia,0,1,Spain, ,3,42,,,,,,,,
2006,23-Jun-06, 21:00 ,Group G,"FIFA World Cup Stadium, Cologne",Cologne ,Germany,Togo,0,2,France, ,0,40,,,,,,,,
2006,23-Jun-06, 21:00 ,Group G,"FIFA World Cup Stadium, Hanover",Hanover ,Germany,Switzerland,2,0,Korea Republic, ,22,13,,,,,,,,
2006,24-Jun-06, 17:00 ,Round of 16,"FIFA World Cup Stadium, Munich",Munich ,Germany,Germany,2,0,Sweden, ,69,21,,,,,,,,
2006,24-Jun-06, 21:00 ,Round of 16,Zentralstadion,Leipzig ,Germany,Argentina,2,1,Mexico,Argentina win after extra time ,111,36,,,,,,,,
2006,25-Jun-06, 17:00 ,Round of 16,Gottlieb-Daimler-Stadion,Stuttgart ,Germany,England,1,0,Ecuador, ,54,6,,,,,,,,
2006,25-Jun-06, 21:00 ,Round of 16,Franken-Stadion,Nuremberg ,Germany,Portugal,1,0,Netherlands, ,36,40,,,,,,,,
2006,26-Jun-06, 17:00 ,Round of 16,Fritz-Walter-Stadion,Kaiserslautern ,Germany,Italy,1,0,Australia, ,99,4,,,,,,,,
2006,26-Jun-06, 21:00 ,Round of 16,"FIFA World Cup Stadium, Cologne",Cologne ,Germany,Switzerland,0,0,Ukraine,Ukraine win on penalties (0 - 3) ,22,4,,,,,,,,
2006,27-Jun-06, 17:00 ,Round of 16,"FIFA World Cup Stadium, Dortmund",Dortmund ,Germany,Brazil,3,0,Ghana, ,180,9,,,,,,,,
2006,27-Jun-06, 21:00 ,Round of 16,"FIFA World Cup Stadium, Hanover",Hanover ,Germany,Spain,1,3,France, ,50,40,,,,,,,,
2006,30-Jun-06, 17:00 ,Quarter-finals,Olympiastadion,Berlin ,Germany,Germany,1,1,Argentina,Germany win on penalties (4 - 2) ,69,22,,,,,,,,
2006,30-Jun-06, 21:00 ,Quarter-finals,"FIFA World Cup Stadium, Hamburg",Hamburg ,Germany,Italy,3,0,Ukraine, ,99,4,,,,,,,,
2006,01-Jul-06, 17:00 ,Quarter-finals,"FIFA World Cup Stadium, Gelsenkirchen",Gelsenkirchen ,Germany,England,0,0,Portugal,Portugal win on penalties (1 - 3) ,54,7,,,,,,,,
2006,01-Jul-06, 21:00 ,Quarter-finals,"FIFA World Cup Stadium, Frankfurt",Frankfurt/Main ,Germany,Brazil,0,1,France, ,180,40,,,,,,,,
2006,04-Jul-06, 21:00 ,Semi-finals,"FIFA World Cup Stadium, Dortmund",Dortmund ,Germany,Germany,0,2,Italy,Italy win after extra time ,69,29,,,,,,,,
2006,05-Jul-06, 21:00 ,Semi-finals,"FIFA World Cup Stadium, Munich",Munich ,Germany,Portugal,0,1,France, ,36,40,,,,,,,,
2006,08-Jul-06, 21:00 ,Third place,Gottlieb-Daimler-Stadion,Stuttgart ,Germany,Germany,3,1,Portugal, ,69,7,,,,,,,,
2006,09-Jul-06, 20:00 ,Final,Olympiastadion,Berlin ,Germany,Italy,1,1,France,Italy win on penalties (5 - 3) ,99,40,,,,,,,,
2010,11-Jun-10, 16:00 ,Group A,Soccer City Stadium,Johannesburg ,South Africa,South Africa,1,1,Mexico, ,7,36,,,,,,,,
2010,11-Jun-10, 20:30 ,Group A,Cape Town Stadium,Cape Town ,South Africa,Uruguay,0,0,France, ,62,40,,,,,,,,
2010,12-Jun-10, 13:30 ,Group B,Port Elizabeth Stadium,Nelson Mandela Bay/Port Elizabeth ,South Africa,Korea Republic,2,0,Greece, ,18,2,,,,,,,,
2010,12-Jun-10, 16:00 ,Group B,Ellis Park Stadium,Johannesburg ,South Africa,Argentina,1,0,Nigeria, ,111,8,,,,,,,,
2010,12-Jun-10, 20:30 ,Group C,Royal Bafokeng Sports Palace,Phokeng ,South Africa,England,1,1,USA, ,54,19,,,,,,,,
2010,13-Jun-10, 13:30 ,Group C,Peter Mokaba Stadium,Polokwane ,South Africa,Algeria,0,1,Slovenia, ,5,2,,,,,,,,
2010,13-Jun-10, 16:00 ,Group D,Loftus Versfeld Stadium,Tshwane/Pretoria ,South Africa,Serbia,0,1,Ghana, ,0,9,,,,,,,,
2010,13-Jun-10, 20:30 ,Group D,Durban Stadium,Durban ,South Africa,Germany,4,0,Australia, ,69,4,,,,,,,,
2010,14-Jun-10, 13:30 ,Group E,Soccer City Stadium,Johannesburg ,South Africa,Netherlands,2,0,Denmark, ,51,14,,,,,,,,
2010,14-Jun-10, 16:00 ,Group E,Free State Stadium,Mangaung/Bloemfontein ,South Africa,Japan,1,0,Cameroon, ,7,7,,,,,,,,
2010,14-Jun-10, 20:30 ,Group F,Cape Town Stadium,Cape Town ,South Africa,Italy,1,1,Paraguay, ,99,16,,,,,,,,
2010,15-Jun-10, 13:30 ,Group F,Royal Bafokeng Sports Palace,Phokeng ,South Africa,New Zealand,1,1,Slovakia, ,1,2,,,,,,,,
2010,15-Jun-10, 16:00 ,Group G,Port Elizabeth Stadium,Nelson Mandela Bay/Port Elizabeth ,South Africa,Cï¿½te d'Ivoire,0,0,Portugal, ,5,7,,,,,,,,
2010,15-Jun-10, 20:30 ,Group G,Ellis Park Stadium,Johannesburg ,South Africa,Brazil,2,1,Korea DPR, ,180,4,,,,,,,,
2010,16-Jun-10, 13:30 ,Group H,Mbombela Stadium,Nelspruit ,South Africa,Honduras,0,1,Chile, ,2,16,,,,,,,,
2010,16-Jun-10, 16:00 ,Group H,Durban Stadium,Durban ,South Africa,Spain,0,1,Switzerland, ,50,23,,,,,,,,
2010,16-Jun-10, 20:30 ,Group A,Loftus Versfeld Stadium,Tshwane/Pretoria ,South Africa,South Africa,0,3,Uruguay, ,7,18,,,,,,,,
2010,17-Jun-10, 13:30 ,Group B,Soccer City Stadium,Johannesburg ,South Africa,Argentina,4,1,Korea Republic, ,111,13,,,,,,,,
2010,17-Jun-10, 16:00 ,Group B,Free State Stadium,Mangaung/Bloemfontein ,South Africa,Greece,2,1,Nigeria, ,4,8,,,,,,,,
2010,17-Jun-10, 20:30 ,Group A,Peter Mokaba Stadium,Polokwane ,South Africa,France,0,2,Mexico, ,68,36,,,,,,,,
2010,18-Jun-10, 13:30 ,Group D,Port Elizabeth Stadium,Nelson Mandela Bay/Port Elizabeth ,South Africa,Germany,0,1,Serbia, ,69,2,,,,,,,,
2010,18-Jun-10, 16:00 ,Group C,Ellis Park Stadium,Johannesburg ,South Africa,Slovenia,2,2,USA, ,3,19,,,,,,,,
2010,18-Jun-10, 20:30 ,Group C,Cape Town Stadium,Cape Town ,South Africa,England,0,0,Algeria, ,54,9,,,,,,,,
2010,19-Jun-10, 13:30 ,Group E,Durban Stadium,Durban ,South Africa,Netherlands,1,0,Japan, ,51,7,,,,,,,,
2010,19-Jun-10, 16:00 ,Group D,Royal Bafokeng Sports Palace,Phokeng ,South Africa,Ghana,1,1,Australia, ,4,4,,,,,,,,
2010,19-Jun-10, 20:30 ,Group E,Loftus Versfeld Stadium,Tshwane/Pretoria ,South Africa,Cameroon,1,2,Denmark, ,11,14,,,,,,,,
2010,20-Jun-10, 13:30 ,Group F,Free State Stadium,Mangaung/Bloemfontein ,South Africa,Slovakia,0,2,Paraguay, ,3,16,,,,,,,,
2010,20-Jun-10, 16:00 ,Group F,Mbombela Stadium,Nelspruit ,South Africa,Italy,1,1,New Zealand, ,99,3,,,,,,,,
2010,20-Jun-10, 20:30 ,Group G,Soccer City Stadium,Johannesburg ,South Africa,Brazil,3,1,Cï¿½te d'Ivoire, ,180,8,,,,,,,,
2010,21-Jun-10, 13:30 ,Group G,Cape Town Stadium,Cape Town ,South Africa,Portugal,7,0,Korea DPR, ,36,4,,,,,,,,
2010,21-Jun-10, 16:00 ,Group H,Port Elizabeth Stadium,Nelson Mandela Bay/Port Elizabeth ,South Africa,Chile,1,0,Switzerland, ,25,23,,,,,,,,
2010,21-Jun-10, 20:30 ,Group H,Ellis Park Stadium,Johannesburg ,South Africa,Spain,2,0,Honduras, ,50,1,,,,,,,,
2010,22-Jun-10, 16:00 ,Group A,Royal Bafokeng Sports Palace,Phokeng ,South Africa,Mexico,0,1,Uruguay, ,22,18,,,,,,,,
2010,22-Jun-10, 16:00 ,Group A,Free State Stadium,Mangaung/Bloemfontein ,South Africa,France,1,2,South Africa, ,68,4,,,,,,,,
2010,22-Jun-10, 20:30 ,Group B,Durban Stadium,Durban ,South Africa,Nigeria,2,2,Korea Republic, ,12,13,,,,,,,,
2010,22-Jun-10, 20:30 ,Group B,Peter Mokaba Stadium,Polokwane ,South Africa,Greece,0,2,Argentina, ,4,22,,,,,,,,
2010,23-Jun-10, 16:00 ,Group C,Port Elizabeth Stadium,Nelson Mandela Bay/Port Elizabeth ,South Africa,Slovenia,0,1,England, ,3,25,,,,,,,,
2010,23-Jun-10, 16:00 ,Group C,Loftus Versfeld Stadium,Tshwane/Pretoria ,South Africa,USA,1,0,Algeria, ,19,9,,,,,,,,
2010,23-Jun-10, 20:30 ,Group D,Soccer City Stadium,Johannesburg ,South Africa,Ghana,0,1,Germany, ,4,35,,,,,,,,
2010,23-Jun-10, 20:30 ,Group D,Mbombela Stadium,Nelspruit ,South Africa,Australia,2,1,Serbia, ,7,2,,,,,,,,
2010,24-Jun-10, 16:00 ,Group F,Ellis Park Stadium,Johannesburg ,South Africa,Slovakia,3,2,Italy, ,3,29,,,,,,,,
2010,24-Jun-10, 16:00 ,Group F,Peter Mokaba Stadium,Polokwane ,South Africa,Paraguay,0,0,New Zealand, ,14,3,,,,,,,,
2010,24-Jun-10, 20:30 ,Group E,Royal Bafokeng Sports Palace,Phokeng ,South Africa,Denmark,1,3,Japan, ,13,7,,,,,,,,
2010,24-Jun-10, 20:30 ,Group E,Cape Town Stadium,Cape Town ,South Africa,Cameroon,1,2,Netherlands, ,11,40,,,,,,,,
2010,25-Jun-10, 16:00 ,Group G,Durban Stadium,Durban ,South Africa,Portugal,0,0,Brazil, ,36,45,,,,,,,,
2010,25-Jun-10, 16:00 ,Group G,Mbombela Stadium,Nelspruit ,South Africa,Korea DPR,0,3,Cï¿½te d'Ivoire, ,2,8,,,,,,,,
2010,25-Jun-10, 20:30 ,Group H,Loftus Versfeld Stadium,Tshwane/Pretoria ,South Africa,Chile,1,2,Spain, ,25,42,,,,,,,,
2010,25-Jun-10, 20:30 ,Group H,Free State Stadium,Mangaung/Bloemfontein ,South Africa,Switzerland,0,0,Honduras, ,22,1,,,,,,,,
2010,26-Jun-10, 16:00 ,Round of 16,Port Elizabeth Stadium,Nelson Mandela Bay/Port Elizabeth ,South Africa,Uruguay,2,1,Korea Republic, ,62,13,,,,,,,,
2010,26-Jun-10, 20:30 ,Round of 16,Royal Bafokeng Sports Palace,Phokeng ,South Africa,USA,1,2,Ghana,Ghana win after extra time ,19,9,,,,,,,,
2010,27-Jun-10, 16:00 ,Round of 16,Free State Stadium,Mangaung/Bloemfontein ,South Africa,Germany,4,1,England, ,69,25,,,,,,,,
2010,27-Jun-10, 20:30 ,Round of 16,Soccer City Stadium,Johannesburg ,South Africa,Argentina,3,1,Mexico, ,111,36,,,,,,,,
2010,28-Jun-10, 16:00 ,Round of 16,Durban Stadium,Durban ,South Africa,Netherlands,2,1,Slovakia, ,51,2,,,,,,,,
2010,28-Jun-10, 20:30 ,Round of 16,Ellis Park Stadium,Johannesburg ,South Africa,Brazil,3,0,Chile, ,180,16,,,,,,,,
2010,29-Jun-10, 16:00 ,Round of 16,Loftus Versfeld Stadium,Tshwane/Pretoria ,South Africa,Paraguay,0,0,Japan,Paraguay win on penalties (5 - 3) ,14,7,,,,,,,,
2010,29-Jun-10, 20:30 ,Round of 16,Cape Town Stadium,Cape Town ,South Africa,Spain,1,0,Portugal, ,50,7,,,,,,,,
2010,02-Jul-10, 16:00 ,Quarter-finals,Port Elizabeth Stadium,Nelson Mandela Bay/Port Elizabeth ,South Africa,Netherlands,2,1,Brazil, ,51,45,,,,,,,,
2010,02-Jul-10, 20:30 ,Quarter-finals,Soccer City Stadium,Johannesburg ,South Africa,Uruguay,1,1,Ghana,Uruguay win on penalties (4 - 2) ,62,9,,,,,,,,
2010,03-Jul-10, 16:00 ,Quarter-finals,Cape Town Stadium,Cape Town ,South Africa,Argentina,0,4,Germany, ,111,35,,,,,,,,
2010,03-Jul-10, 20:30 ,Quarter-finals,Ellis Park Stadium,Johannesburg ,South Africa,Paraguay,0,1,Spain, ,14,42,,,,,,,,
2010,06-Jul-10, 20:30 ,Semi-finals,Cape Town Stadium,Cape Town ,South Africa,Uruguay,2,3,Netherlands, ,62,40,,,,,,,,
2010,07-Jul-10, 20:30 ,Semi-finals,Durban Stadium,Durban ,South Africa,Germany,0,1,Spain, ,69,42,,,,,,,,
2010,10-Jul-10, 20:30 ,Match for third place,Port Elizabeth Stadium,Nelson Mandela Bay/Port Elizabeth ,South Africa,Uruguay,2,3,Germany, ,62,35,,,,,,,,
2010,11-Jul-10, 20:30 ,Final,Soccer City Stadium,Johannesburg ,South Africa,Netherlands,0,1,Spain,Spain win after extra time ,51,42,,,,,,,,
2014,12-Jun-14, 17:00 ,Group A,Arena de Sao Paulo,Sao Paulo ,Brazil,Brazil,3,1,Croatia, ,180,18,,,,,,,,
2014,13-Jun-14, 13:00 ,Group A,Estadio das Dunas,Natal ,Brazil,Mexico,1,0,Cameroon, ,22,7,,,,,,,,
2014,13-Jun-14, 16:00 ,Group B,Arena Fonte Nova,Salvador ,Brazil,Spain,1,5,Netherlands, ,50,40,,,,,,,,
2014,13-Jun-14, 18:00 ,Group B,Arena Pantanal,Cuiaba ,Brazil,Chile,3,1,Australia, ,25,4,,,,,,,,
2014,14-Jun-14, 13:00 ,Group C,Estadio Mineirao,Belo Horizonte ,Brazil,Colombia,3,0,Greece, ,11,2,,,,,,,,
2014,14-Jun-14, 16:00 ,Group D,Estadio Castelao,Fortaleza ,Brazil,Uruguay,1,3,Costa Rica, ,62,11,,,,,,,,
2014,14-Jun-14, 18:00 ,Group D,Arena Amazonia,Manaus ,Brazil,England,1,2,Italy, ,54,29,,,,,,,,
2014,14-Jun-14, 22:00 ,Group C,Arena Pernambuco,Recife ,Brazil,Cï¿½te d'Ivoire,2,1,Japan, ,5,7,,,,,,,,
2014,15-Jun-14, 13:00 ,Group E,Estadio Nacional,Brasilia ,Brazil,Switzerland,2,1,Ecuador, ,22,6,,,,,,,,
2014,15-Jun-14, 16:00 ,Group E,Estadio Beira-Rio,Porto Alegre ,Brazil,France,3,0,Honduras, ,68,1,,,,,,,,
2014,15-Jun-14, 19:00 ,Group F,Estadio do Maracana,Rio De Janeiro ,Brazil,Argentina,2,1,Bosnia and Herzegovina, ,111,1,,,,,,,,
2014,16-Jun-14, 13:00 ,Group G,Arena Fonte Nova,Salvador ,Brazil,Germany,4,0,Portugal, ,69,7,,,,,,,,
2014,16-Jun-14, 16:00 ,Group F,Arena da Baixada,Curitiba ,Brazil,IR Iran,0,0,Nigeria, ,0,8,,,,,,,,
2014,16-Jun-14, 19:00 ,Group G,Estadio das Dunas,Natal ,Brazil,Ghana,1,2,USA, ,4,19,,,,,,,,
2014,17-Jun-14, 13:00 ,Group H,Estadio Mineirao,Belo Horizonte ,Brazil,Belgium,2,1,Algeria, ,27,9,,,,,,,,
2014,17-Jun-14, 16:00 ,Group A,Estadio Castelao,Fortaleza ,Brazil,Brazil,0,0,Mexico, ,180,36,,,,,,,,
2014,17-Jun-14, 18:00 ,Group H,Arena Pantanal,Cuiaba ,Brazil,Russia,1,1,Korea Republic, ,9,13,,,,,,,,
2014,18-Jun-14, 13:00 ,Group B,Estadio Beira-Rio,Porto Alegre ,Brazil,Australia,2,3,Netherlands, ,7,40,,,,,,,,
2014,18-Jun-14, 16:00 ,Group B,Estadio do Maracana,Rio De Janeiro ,Brazil,Spain,0,2,Chile, ,50,16,,,,,,,,
2014,18-Jun-14, 18:00 ,Group A,Arena Amazonia,Manaus ,Brazil,Cameroon,0,4,Croatia, ,11,18,,,,,,,,
2014,19-Jun-14, 13:00 ,Group C,Estadio Nacional,Brasilia ,Brazil,Colombia,2,1,Cï¿½te d'Ivoire, ,11,8,,,,,,,,
2014,19-Jun-14, 16:00 ,Group D,Arena de Sao Paulo,Sao Paulo ,Brazil,Uruguay,2,1,England, ,62,25,,,,,,,,
2014,19-Jun-14, 19:00 ,Group C,Estadio das Dunas,Natal ,Brazil,Japan,0,0,Greece, ,7,2,,,,,,,,
2014,20-Jun-14, 13:00 ,Group D,Arena Pernambuco,Recife ,Brazil,Italy,0,1,Costa Rica, ,99,11,,,,,,,,
2014,20-Jun-14, 16:00 ,Group E,Arena Fonte Nova,Salvador ,Brazil,Switzerland,2,5,France, ,22,40,,,,,,,,
2014,20-Jun-14, 19:00 ,Group E,Arena da Baixada,Curitiba ,Brazil,Honduras,1,2,Ecuador, ,2,6,,,,,,,,
2014,21-Jun-14, 13:00 ,Group F,Estadio Mineirao,Belo Horizonte ,Brazil,Argentina,1,0,IR Iran, ,111,2,,,,,,,,
2014,21-Jun-14, 16:00 ,Group G,Estadio Castelao,Fortaleza ,Brazil,Germany,2,2,Ghana, ,69,9,,,,,,,,
2014,21-Jun-14, 18:00 ,Group F,Arena Pantanal,Cuiaba ,Brazil,Nigeria,1,0,Bosnia and Herzegovina, ,12,1,,,,,,,,
2014,22-Jun-14, 13:00 ,Group H,Estadio do Maracana,Rio De Janeiro ,Brazil,Belgium,1,0,Russia, ,27,4,,,,,,,,
2014,22-Jun-14, 16:00 ,Group H,Estadio Beira-Rio,Porto Alegre ,Brazil,Korea Republic,2,4,Algeria, ,18,9,,,,,,,,
2014,22-Jun-14, 18:00 ,Group G,Arena Amazonia,Manaus ,Brazil,USA,2,2,Portugal, ,19,7,,,,,,,,
2014,23-Jun-14, 13:00 ,Group B,Arena da Baixada,Curitiba ,Brazil,Australia,0,3,Spain, ,7,42,,,,,,,,
2014,23-Jun-14, 13:00 ,Group B,Arena de Sao Paulo,Sao Paulo ,Brazil,Netherlands,2,0,Chile, ,51,16,,,,,,,,
2014,23-Jun-14, 17:00 ,Group A,Estadio Nacional,Brasilia ,Brazil,Cameroon,1,4,Brazil, ,11,45,,,,,,,,
2014,23-Jun-14, 17:00 ,Group A,Arena Pernambuco,Recife ,Brazil,Croatia,1,3,Mexico, ,3,36,,,,,,,,
2014,24-Jun-14, 13:00 ,Group D,Estadio das Dunas,Natal ,Brazil,Italy,0,1,Uruguay, ,99,18,,,,,,,,
2014,24-Jun-14, 13:00 ,Group D,Estadio Mineirao,Belo Horizonte ,Brazil,Costa Rica,0,0,England, ,7,25,,,,,,,,
2014,24-Jun-14, 16:00 ,Group C,Arena Pantanal,Cuiaba ,Brazil,Japan,1,4,Colombia, ,7,18,,,,,,,,
2014,24-Jun-14, 17:00 ,Group C,Estadio Castelao,Fortaleza ,Brazil,Greece,2,1,Cï¿½te d'Ivoire, ,4,8,,,,,,,,
2014,25-Jun-14, 13:00 ,Group F,Estadio Beira-Rio,Porto Alegre ,Brazil,Nigeria,2,3,Argentina, ,12,22,,,,,,,,
2014,25-Jun-14, 13:00 ,Group F,Arena Fonte Nova,Salvador ,Brazil,Bosnia and Herzegovina,3,1,IR Iran, ,3,2,,,,,,,,
2014,25-Jun-14, 16:00 ,Group E,Arena Amazonia,Manaus ,Brazil,Honduras,0,3,Switzerland, ,2,23,,,,,,,,
2014,25-Jun-14, 17:00 ,Group E,Estadio do Maracana,Rio De Janeiro ,Brazil,Ecuador,0,0,France, ,4,40,,,,,,,,
2014,26-Jun-14, 13:00 ,Group G,Arena Pernambuco,Recife ,Brazil,USA,0,1,Germany, ,19,35,,,,,,,,
2014,26-Jun-14, 13:00 ,Group G,Estadio Nacional,Brasilia ,Brazil,Portugal,2,1,Ghana, ,36,9,,,,,,,,
2014,26-Jun-14, 17:00 ,Group H,Arena de Sao Paulo,Sao Paulo ,Brazil,Korea Republic,0,1,Belgium, ,18,27,,,,,,,,
2014,26-Jun-14, 17:00 ,Group H,Arena da Baixada,Curitiba ,Brazil,Algeria,1,1,Russia, ,5,4,,,,,,,,
2014,28-Jun-14, 13:00 ,Round of 16,Estadio Mineirao,Belo Horizonte ,Brazil,Brazil,1,1,Chile,Brazil win on penalties (3 - 2) ,180,16,,,,,,,,
2014,28-Jun-14, 17:00 ,Round of 16,Estadio do Maracana,Rio De Janeiro ,Brazil,Colombia,2,0,Uruguay, ,11,18,,,,,,,,
2014,30-Jun-14, 13:00 ,Round of 16,Estadio Nacional,Brasilia ,Brazil,France,2,0,Nigeria, ,68,8,,,,,,,,
2014,30-Jun-14, 17:00 ,Round of 16,Estadio Beira-Rio,Porto Alegre ,Brazil,Germany,2,1,Algeria,Germany win after extra time ,69,9,,,,,,,,
2014,04-Jul-14, 17:00 ,Quarter-finals,Estadio Castelao,Fortaleza ,Brazil,Brazil,2,1,Colombia, ,180,18,,,,,,,,
2014,04-Jul-14, 13:00 ,Quarter-finals,Estadio do Maracana,Rio De Janeiro ,Brazil,France,0,1,Germany, ,68,35,,,,,,,,
2014,08-Jul-14, 17:00 ,Semi-finals,Estadio Mineirao,Belo Horizonte ,Brazil,Brazil,1,7,Germany, ,180,35,,,,,,,,
2014,12-Jul-14, 17:00 ,Play-off for third place,Estadio Nacional,Brasilia ,Brazil,Brazil,0,3,Netherlands, ,180,40,,,,,,,,
2014,13-Jul-14, 16:00 ,Final,Estadio do Maracana,Rio De Janeiro ,Brazil,Germany,1,0,Argentina,Germany win after extra time ,69,22,,,,,,,,
2014,09-Jul-14, 17:00 ,Semi-finals,Arena de Sao Paulo,Sao Paulo ,Brazil,Netherlands,0,0,Argentina,Argentina win on penalties (2 - 4) ,51,22,,,,,,,,
2014,05-Jul-14, 17:00 ,Quarter-finals,Arena Fonte Nova,Salvador ,Brazil,Netherlands,0,0,Costa Rica,Netherlands win on penalties (4 - 3) ,51,11,,,,,,,,
2014,05-Jul-14, 13:00 ,Quarter-finals,Estadio Nacional,Brasilia ,Brazil,Argentina,1,0,Belgium, ,111,27,,,,,,,,
2014,29-Jun-14, 13:00 ,Round of 16,Estadio Castelao,Fortaleza ,Brazil,Netherlands,2,1,Mexico, ,51,36,,,,,,,,
2014,29-Jun-14, 17:00 ,Round of 16,Arena Pernambuco,Recife ,Brazil,Costa Rica,1,1,Greece,Costa Rica win on penalties (5 - 3) ,7,2,,,,,,,,
2014,01-Jul-14, 13:00 ,Round of 16,Arena de Sao Paulo,Sao Paulo ,Brazil,Argentina,1,0,Switzerland,Argentina win after extra time ,111,23,,,,,,,,
2014,01-Jul-14, 17:00 ,Round of 16,Arena Fonte Nova,Salvador ,Brazil,Belgium,2,1,USA,Belgium win after extra time ,27,19,,,,,,,,
2014,28-Jun-14, 13:00 ,Round of 16,Estadio Mineirao,Belo Horizonte ,Brazil,Brazil,1,1,Chile,Brazil win on penalties (3 - 2) ,180,16,,,,,,,,
2014,28-Jun-14, 17:00 ,Round of 16,Estadio do Maracana,Rio De Janeiro ,Brazil,Colombia,2,0,Uruguay, ,11,18,,,,,,,,
2014,29-Jun-14, 13:00 ,Round of 16,Estadio Castelao,Fortaleza ,Brazil,Netherlands,2,1,Mexico, ,51,36,,,,,,,,
2014,29-Jun-14, 17:00 ,Round of 16,Arena Pernambuco,Recife ,Brazil,Costa Rica,1,1,Greece,Costa Rica win on penalties (5 - 3) ,7,2,,,,,,,,
2014,30-Jun-14, 13:00 ,Round of 16,Estadio Nacional,Brasilia ,Brazil,France,2,0,Nigeria, ,68,8,,,,,,,,
2014,30-Jun-14, 17:00 ,Round of 16,Estadio Beira-Rio,Porto Alegre ,Brazil,Germany,2,1,Algeria,Germany win after extra time ,69,9,,,,,,,,
2014,01-Jul-14, 13:00 ,Round of 16,Arena de Sao Paulo,Sao Paulo ,Brazil,Argentina,1,0,Switzerland,Argentina win after extra time ,111,23,,,,,,,,
2014,01-Jul-14, 17:00 ,Round of 16,Arena Fonte Nova,Salvador ,Brazil,Belgium,2,1,USA,Belgium win after extra time ,27,19,,,,,,,,
2014,04-Jul-14, 13:00 ,Quarter-finals,Estadio do Maracana,Rio De Janeiro ,Brazil,France,0,1,Germany, ,68,35,,,,,,,,
2014,04-Jul-14, 17:00 ,Quarter-finals,Estadio Castelao,Fortaleza ,Brazil,Brazil,2,1,Colombia, ,180,18,,,,,,,,
2014,05-Jul-14, 13:00 ,Quarter-finals,Estadio Nacional,Brasilia ,Brazil,Argentina,1,0,Belgium, ,111,27,,,,,,,,
2014,05-Jul-14, 17:00 ,Quarter-finals,Arena Fonte Nova,Salvador ,Brazil,Netherlands,0,0,Costa Rica,Netherlands win on penalties (4 - 3) ,51,11,,,,,,,,
2014,08-Jul-14, 17:00 ,Semi-finals,Estadio Mineirao,Belo Horizonte ,Brazil,Brazil,1,7,Germany, ,180,35,,,,,,,,
2014,09-Jul-14, 17:00 ,Semi-finals,Arena de Sao Paulo,Sao Paulo ,Brazil,Netherlands,0,0,Argentina,Argentina win on penalties (2 - 4) ,51,22,,,,,,,,
2014,12-Jul-14, 17:00 ,Play-off for third place,Estadio Nacional,Brasilia ,Brazil,Brazil,0,3,Netherlands, ,180,40,,,,,,,,
2014,13-Jul-14, 16:00 ,Final,Estadio do Maracana,Rio De Janeiro ,Brazil,Germany,1,0,Argentina,Germany win after extra time ,69,22,,,,,,,,
